Index,Substrate,Photocatalyst,Organocatalyst,File name,AR,ee (IM-MS),,
1,S1,P1,L1,S1-P1-L1,0.19 ,0.63%,,
2,S1,P1,L2,S1-P1-L2,0.57 ,44.66%,,
3,S1,P1,L3,S1-P1-L3,0.39 ,79.95%,,
4,S1,P1,L4,S1-P1-L4,1.18 ,-60.88%,,
5,S1,P1,L5,S1-P1-L5,0.41 ,-5.16%,,
6,S1,P1,L6,S1-P1-L6,0.10 ,40.53%,,
7,S1,P1,L7,S1-P1-L7,0.71 ,-14.44%,,
8,S1,P1,L8,S1-P1-L8,0.40 ,-4.26%,,
9,S1,P1,L9,S1-P1-L9,0.23 ,-21.21%,,
10,S1,P1,L10,S1-P1-L10,0.56 ,-43.38%,,
11,S1,P1,L11,S1-P1-L11,0.12 ,2.19%,,
12,S1,P2,L1,S1-P2-L1,0.14 ,7.14%,,
13,S1,P2,L2,S1-P2-L2,0.82 ,48.06%,,
14,S1,P2,L3,S1-P2-L3,0.32 ,80.75%,,
15,S1,P2,L4,S1-P2-L4,1.01 ,-59.44%,,
16,S1,P2,L5,S1-P2-L5,0.41 ,-3.61%,,
17,S1,P2,L6,S1-P2-L6,0.09 ,34.75%,,
18,S1,P2,L7,S1-P2-L7,0.24 ,-17.80%,,
19,S1,P2,L8,S1-P2-L8,0.33 ,-5.24%,,
20,S1,P2,L9,S1-P2-L9,0.40 ,-22.99%,,
21,S1,P2,L10,S1-P2-L10,0.37 ,-41.82%,,
22,S1,P2,L11,S1-P2-L11,0.07 ,3.74%,,
23,S1,P3,L1,S1-P3-L1,0.18 ,4.10%,,
24,S1,P3,L2,S1-P3-L2,0.81 ,45.34%,,
25,S1,P3,L3,S1-P3-L3,0.33 ,74.39%,,
26,S1,P3,L4,S1-P3-L4,0.84 ,-58.73%,,
27,S1,P3,L5,S1-P3-L5,0.48 ,-2.93%,,
28,S1,P3,L6,S1-P3-L6,0.10 ,47.15%,,
29,S1,P3,L7,S1-P3-L7,0.46 ,-15.17%,,
30,S1,P3,L8,S1-P3-L8,0.28 ,-6.67%,,
31,S1,P3,L9,S1-P3-L9,0.54 ,-19.28%,,
32,S1,P3,L10,S1-P3-L10,0.45 ,-40.18%,,
33,S1,P3,L11,S1-P3-L11,0.16 ,0.25%,,
34,S1,P4,L1,S1-P4-L1,0.18 ,5.91%,,
35,S1,P4,L2,S1-P4-L2,0.67 ,44.76%,,
36,S1,P4,L3,S1-P4-L3,0.25 ,77.89%,,
37,S1,P4,L4,S1-P4-L4,1.13 ,-54.37%,,
38,S1,P4,L5,S1-P4-L5,0.29 ,-3.73%,,
39,S1,P4,L6,S1-P4-L6,0.08 ,37.12%,,
40,S1,P4,L7,S1-P4-L7,0.45 ,-12.46%,,
41,S1,P4,L8,S1-P4-L8,0.26 ,-6.67%,,
42,S1,P4,L9,S1-P4-L9,0.56 ,-14.26%,,
43,S1,P4,L10,S1-P4-L10,0.63 ,-47.72%,,
44,S1,P4,L11,S1-P4-L11,0.15 ,0.48%,,
45,S1,P5,L1,S1-P5-L1,0.16 ,6.43%,,
46,S1,P5,L2,S1-P5-L2,0.74 ,44.25%,,
47,S1,P5,L3,S1-P5-L3,0.24 ,72.92%,,
48,S1,P5,L4,S1-P5-L4,0.70 ,-59.03%,,
49,S1,P5,L5,S1-P5-L5,0.43 ,-3.32%,,
50,S1,P5,L6,S1-P5-L6,0.07 ,39.20%,,
51,S1,P5,L7,S1-P5-L7,0.33 ,-16.37%,,
52,S1,P5,L8,S1-P5-L8,0.20 ,-7.83%,,
53,S1,P5,L9,S1-P5-L9,0.44 ,-16.44%,,
54,S1,P5,L10,S1-P5-L10,0.39 ,-39.69%,,
55,S1,P5,L11,S1-P5-L11,0.07 ,1.72%,,
56,S1,P6,L1,S1-P6-L1,0.19 ,3.18%,,
57,S1,P6,L2,S1-P6-L2,0.82 ,42.69%,,
58,S1,P6,L3,S1-P6-L3,0.24 ,72.60%,,
59,S1,P6,L4,S1-P6-L4,1.20 ,-59.22%,,
60,S1,P6,L5,S1-P6-L5,0.39 ,-2.69%,,
61,S1,P6,L6,S1-P6-L6,0.08 ,36.55%,,
62,S1,P6,L7,S1-P6-L7,0.47 ,-14.02%,,
63,S1,P6,L8,S1-P6-L8,0.27 ,-6.25%,,
64,S1,P6,L9,S1-P6-L9,0.51 ,-15.60%,,
65,S1,P6,L10,S1-P6-L10,0.46 ,-40.59%,,
66,S1,P6,L11,S1-P6-L11,0.09 ,2.41%,,
67,S1,P7,L1,S1-P7-L1,0.05 ,5.09%,,
68,S1,P7,L2,S1-P7-L2,0.23 ,47.32%,,
69,S1,P7,L3,S1-P7-L3,0.08 ,67.44%,,
70,S1,P7,L4,S1-P7-L4,0.20 ,-63.74%,,
71,S1,P7,L5,S1-P7-L5,0.09 ,-1.11%,,
72,S1,P7,L6,S1-P7-L6,0.06 ,37.79%,,
73,S1,P7,L7,S1-P7-L7,0.13 ,-7.44%,,
74,S1,P7,L8,S1-P7-L8,0.05 ,-7.19%,,
75,S1,P7,L9,S1-P7-L9,0.08 ,-11.31%,,
76,S1,P7,L10,S1-P7-L10,0.70 ,-58.27%,,
77,S1,P7,L11,S1-P7-L11,0.14 ,-21.53%,,
78,S1,P8,L1,S1-P8-L1,0.06 ,2.25%,,
79,S1,P8,L2,S1-P8-L2,0.28 ,45.88%,,
80,S1,P8,L3,S1-P8-L3,0.12 ,65.86%,,
81,S1,P8,L4,S1-P8-L4,0.40 ,-59.75%,,
82,S1,P8,L5,S1-P8-L5,0.16 ,-2.28%,,
83,S1,P8,L6,S1-P8-L6,0.08 ,35.08%,,
84,S1,P8,L7,S1-P8-L7,0.38 ,-11.59%,,
85,S1,P8,L8,S1-P8-L8,0.16 ,-5.26%,,
86,S1,P8,L9,S1-P8-L9,0.30 ,-10.83%,,
87,S1,P8,L10,S1-P8-L10,0.79 ,-57.47%,,
88,S1,P8,L11,S1-P8-L11,0.06 ,0.68%,,
89,S1,P9,L1,S1-P9-L1,0.07 ,0.56%,,
90,S1,P9,L2,S1-P9-L2,0.43 ,45.92%,,
91,S1,P9,L3,S1-P9-L3,0.29 ,76.71%,,
92,S1,P9,L4,S1-P9-L4,0.67 ,-55.91%,,
93,S1,P9,L5,S1-P9-L5,0.14 ,-2.64%,,
94,S1,P9,L6,S1-P9-L6,0.11 ,34.76%,,
95,S1,P9,L7,S1-P9-L7,0.31 ,-14.69%,,
96,S1,P9,L8,S1-P9-L8,0.16 ,-5.74%,,
97,S1,P9,L9,S1-P9-L9,0.20 ,-19.01%,,
98,S1,P9,L10,S1-P9-L10,0.54 ,-59.85%,,
99,S1,P9,L11,S1-P9-L11,0.17 ,0.84%,,
100,S1,P10,L1,S1-P10-L1,0.06 ,1.62%,,
101,S1,P10,L2,S1-P10-L2,0.14 ,53.45%,,
102,S1,P10,L3,S1-P10-L3,0.08 ,60.79%,,
103,S1,P10,L4,S1-P10-L4,0.11 ,-54.01%,,
104,S1,P10,L5,S1-P10-L5,0.08 ,-4.09%,,
105,S1,P10,L6,S1-P10-L6,0.05 ,38.84%,,
106,S1,P10,L7,S1-P10-L7,0.12 ,-4.03%,,
107,S1,P10,L8,S1-P10-L8,0.04 ,-1.91%,,
108,S1,P10,L9,S1-P10-L9,0.10 ,-9.78%,,
109,S1,P10,L10,S1-P10-L10,0.20 ,-64.69%,,
110,S1,P10,L11,S1-P10-L11,0.08 ,1.25%,,
111,S1,P11,L1,S1-P11-L1,0.04 ,1.67%,,
112,S1,P11,L2,S1-P11-L2,0.17 ,51.08%,,
113,S1,P11,L3,S1-P11-L3,0.12 ,80.36%,,
114,S1,P11,L4,S1-P11-L4,0.30 ,-64.28%,,
115,S1,P11,L5,S1-P11-L5,0.14 ,-2.94%,,
116,S1,P11,L6,S1-P11-L6,0.07 ,52.05%,,
117,S1,P11,L7,S1-P11-L7,0.20 ,-12.31%,,
118,S1,P11,L8,S1-P11-L8,0.09 ,-12.30%,,
119,S1,P11,L9,S1-P11-L9,0.10 ,-22.30%,,
120,S1,P11,L10,S1-P11-L10,0.36 ,-67.56%,,
121,S1,P11,L11,S1-P11-L11,0.08 ,-7.13%,,
122,S1,P12,L1,S1-P12-L1,0.04 ,0.47%,,
123,S1,P12,L2,S1-P12-L2,0.27 ,49.54%,,
124,S1,P12,L3,S1-P12-L3,0.12 ,84.51%,,
125,S1,P12,L4,S1-P12-L4,0.60 ,-62.10%,,
126,S1,P12,L5,S1-P12-L5,0.15 ,-10.33%,,
127,S1,P12,L6,S1-P12-L6,0.06 ,47.57%,,
128,S1,P12,L7,S1-P12-L7,0.20 ,-12.27%,,
129,S1,P12,L8,S1-P12-L8,0.08 ,-10.13%,,
130,S1,P12,L9,S1-P12-L9,0.15 ,-22.13%,,
131,S1,P12,L10,S1-P12-L10,0.31 ,-66.33%,,
132,S1,P12,L11,S1-P12-L11,0.09 ,-2.66%,,
133,S1,P13,L1,S1-P13-L1,0.02 ,-0.28%,,
134,S1,P13,L2,S1-P13-L2,0.05 ,47.62%,,
135,S1,P13,L3,S1-P13-L3,0.05 ,72.82%,,
136,S1,P13,L4,S1-P13-L4,0.14 ,-63.39%,,
137,S1,P13,L5,S1-P13-L5,0.06 ,-3.38%,,
138,S1,P13,L6,S1-P13-L6,0.06 ,44.05%,,
139,S1,P13,L7,S1-P13-L7,0.07 ,-8.83%,,
140,S1,P13,L8,S1-P13-L8,0.04 ,-7.16%,,
141,S1,P13,L9,S1-P13-L9,0.04 ,-15.81%,,
142,S1,P13,L10,S1-P13-L10,0.14 ,-67.43%,,
143,S1,P13,L11,S1-P13-L11,0.04 ,-1.94%,,
144,S2,P1,L1,S2-P1-L1,0.10 ,2.24%,,
145,S2,P1,L2,S2-P1-L2,0.75 ,55.00%,,
146,S2,P1,L3,S2-P1-L3,0.60 ,87.43%,,
147,S2,P1,L4,S2-P1-L4,1.92 ,-62.76%,,
148,S2,P1,L5,S2-P1-L5,0.73 ,-5.13%,,
149,S2,P1,L6,S2-P1-L6,0.12 ,60.88%,,
150,S2,P1,L7,S2-P1-L7,0.65 ,-1.84%,,
151,S2,P1,L8,S2-P1-L8,0.25 ,-14.51%,,
152,S2,P1,L9,S2-P1-L9,0.44 ,-12.79%,,
153,S2,P1,L10,S2-P1-L10,0.67 ,-37.28%,,
154,S2,P1,L11,S2-P1-L11,0.06 ,3.89%,,
155,S2,P2,L1,S2-P2-L1,0.10 ,4.84%,,
156,S2,P2,L2,S2-P2-L2,0.64 ,53.17%,,
157,S2,P2,L3,S2-P2-L3,0.31 ,90.45%,,
158,S2,P2,L4,S2-P2-L4,1.25 ,-65.11%,,
159,S2,P2,L5,S2-P2-L5,0.43 ,-3.95%,,
160,S2,P2,L6,S2-P2-L6,0.11 ,65.30%,,
161,S2,P2,L7,S2-P2-L7,0.28 ,-18.71%,,
162,S2,P2,L8,S2-P2-L8,0.24 ,-8.40%,,
163,S2,P2,L9,S2-P2-L9,0.32 ,-29.73%,,
164,S2,P2,L10,S2-P2-L10,0.32 ,-44.42%,,
165,S2,P2,L11,S2-P2-L11,0.14 ,1.05%,,
166,S2,P3,L1,S2-P3-L1,0.07 ,6.35%,,
167,S2,P3,L2,S2-P3-L2,0.30 ,58.47%,,
168,S2,P3,L3,S2-P3-L3,0.23 ,87.40%,,
169,S2,P3,L4,S2-P3-L4,0.93 ,-74.58%,,
170,S2,P3,L5,S2-P3-L5,0.42 ,-7.55%,,
171,S2,P3,L6,S2-P3-L6,0.12 ,63.92%,,
172,S2,P3,L7,S2-P3-L7,0.41 ,-24.50%,,
173,S2,P3,L8,S2-P3-L8,0.22 ,-13.61%,,
174,S2,P3,L9,S2-P3-L9,0.39 ,-36.33%,,
175,S2,P3,L10,S2-P3-L10,0.30 ,-51.88%,,
176,S2,P3,L11,S2-P3-L11,0.06 ,-5.50%,,
177,S2,P4,L1,S2-P4-L1,0.36 ,-1.07%,,
178,S2,P4,L2,S2-P4-L2,1.76 ,45.81%,,
179,S2,P4,L3,S2-P4-L3,0.52 ,58.75%,,
180,S2,P4,L4,S2-P4-L4,3.68 ,-66.13%,,
181,S2,P4,L5,S2-P4-L5,1.86 ,-6.53%,,
182,S2,P4,L6,S2-P4-L6,0.21 ,14.16%,,
183,S2,P4,L7,S2-P4-L7,1.97 ,-18.38%,,
184,S2,P4,L8,S2-P4-L8,0.65 ,-9.23%,,
185,S2,P4,L9,S2-P4-L9,1.73 ,-29.21%,,
186,S2,P4,L10,S2-P4-L10,1.06 ,-49.26%,,
187,S2,P4,L11,S2-P4-L11,0.43 ,-5.98%,,
188,S2,P5,L1,S2-P5-L1,0.76 ,-0.76%,,
189,S2,P5,L2,S2-P5-L2,3.65 ,41.73%,,
190,S2,P5,L3,S2-P5-L3,0.68 ,49.31%,,
191,S2,P5,L4,S2-P5-L4,3.73 ,-60.60%,,
192,S2,P5,L5,S2-P5-L5,2.41 ,-5.78%,,
193,S2,P5,L6,S2-P5-L6,0.24 ,5.48%,,
194,S2,P5,L7,S2-P5-L7,2.35 ,-16.27%,,
195,S2,P5,L8,S2-P5-L8,1.00 ,-8.57%,,
196,S2,P5,L9,S2-P5-L9,1.96 ,-31.38%,,
197,S2,P5,L10,S2-P5-L10,0.83 ,-36.37%,,
198,S2,P5,L11,S2-P5-L11,0.38 ,-5.05%,,
199,S2,P6,L1,S2-P6-L1,0.76 ,0.86%,,
200,S2,P6,L2,S2-P6-L2,3.16 ,40.33%,,
201,S2,P6,L3,S2-P6-L3,0.85 ,50.38%,,
202,S2,P6,L4,S2-P6-L4,4.56 ,-58.28%,,
203,S2,P6,L5,S2-P6-L5,2.91 ,-8.58%,,
204,S2,P6,L6,S2-P6-L6,0.27 ,3.05%,,
205,S2,P6,L7,S2-P6-L7,3.10 ,-17.12%,,
206,S2,P6,L8,S2-P6-L8,1.18 ,-8.30%,,
207,S2,P6,L9,S2-P6-L9,1.92 ,-27.08%,,
208,S2,P6,L10,S2-P6-L10,1.22 ,-37.33%,,
209,S2,P6,L11,S2-P6-L11,0.40 ,-5.59%,,
210,S2,P7,L1,S2-P7-L1,0.11 ,-1.75%,,
211,S2,P7,L2,S2-P7-L2,1.23 ,47.07%,,
212,S2,P7,L3,S2-P7-L3,0.41 ,46.20%,,
213,S2,P7,L4,S2-P7-L4,0.84 ,-55.64%,,
214,S2,P7,L5,S2-P7-L5,0.36 ,-9.40%,,
215,S2,P7,L6,S2-P7-L6,0.15 ,10.72%,,
216,S2,P7,L7,S2-P7-L7,0.48 ,-13.49%,,
217,S2,P7,L8,S2-P7-L8,0.16 ,-10.64%,,
218,S2,P7,L9,S2-P7-L9,0.35 ,-30.71%,,
219,S2,P7,L10,S2-P7-L10,1.36 ,-68.35%,,
220,S2,P7,L11,S2-P7-L11,0.05 ,-15.88%,,
221,S2,P8,L1,S2-P8-L1,0.25 ,-1.50%,,
222,S2,P8,L2,S2-P8-L2,2.10 ,44.17%,,
223,S2,P8,L3,S2-P8-L3,0.25 ,53.83%,,
224,S2,P8,L4,S2-P8-L4,1.03 ,-56.32%,,
225,S2,P8,L5,S2-P8-L5,0.79 ,-7.77%,,
226,S2,P8,L6,S2-P8-L6,0.18 ,14.78%,,
227,S2,P8,L7,S2-P8-L7,0.44 ,-18.08%,,
228,S2,P8,L8,S2-P8-L8,0.22 ,-11.82%,,
229,S2,P8,L9,S2-P8-L9,0.54 ,-31.97%,,
230,S2,P8,L10,S2-P8-L10,0.54 ,-58.79%,,
231,S2,P8,L11,S2-P8-L11,0.13 ,-5.69%,,
232,S2,P9,L1,S2-P9-L1,0.20 ,-0.95%,,
233,S2,P9,L2,S2-P9-L2,1.80 ,52.53%,,
234,S2,P9,L3,S2-P9-L3,0.34 ,52.72%,,
235,S2,P9,L4,S2-P9-L4,1.02 ,-48.27%,,
236,S2,P9,L5,S2-P9-L5,0.84 ,-8.56%,,
237,S2,P9,L6,S2-P9-L6,0.27 ,21.94%,,
238,S2,P9,L7,S2-P9-L7,1.15 ,-17.88%,,
239,S2,P9,L8,S2-P9-L8,0.38 ,-6.90%,,
240,S2,P9,L9,S2-P9-L9,0.60 ,-27.35%,,
241,S2,P9,L10,S2-P9-L10,1.21 ,-58.32%,,
242,S2,P9,L11,S2-P9-L11,0.19 ,-8.38%,,
243,S2,P10,L1,S2-P10-L1,0.09 ,2.33%,,
244,S2,P10,L2,S2-P10-L2,0.70 ,53.69%,,
245,S2,P10,L3,S2-P10-L3,0.09 ,48.11%,,
246,S2,P10,L4,S2-P10-L4,0.20 ,-59.78%,,
247,S2,P10,L5,S2-P10-L5,0.21 ,-11.64%,,
248,S2,P10,L6,S2-P10-L6,0.14 ,28.36%,,
249,S2,P10,L7,S2-P10-L7,0.25 ,-8.28%,,
250,S2,P10,L8,S2-P10-L8,0.10 ,-7.44%,,
251,S2,P10,L9,S2-P10-L9,0.28 ,-20.46%,,
252,S2,P10,L10,S2-P10-L10,0.31 ,-60.76%,,
253,S2,P10,L11,S2-P10-L11,0.03 ,-13.69%,,
254,S2,P11,L1,S2-P11-L1,0.06 ,6.81%,,
255,S2,P11,L2,S2-P11-L2,0.78 ,57.13%,,
256,S2,P11,L3,S2-P11-L3,0.09 ,60.95%,,
257,S2,P11,L4,S2-P11-L4,0.33 ,-78.07%,,
258,S2,P11,L5,S2-P11-L5,0.30 ,-7.96%,,
259,S2,P11,L6,S2-P11-L6,0.14 ,34.94%,,
260,S2,P11,L7,S2-P11-L7,0.54 ,-15.11%,,
261,S2,P11,L8,S2-P11-L8,0.11 ,-13.06%,,
262,S2,P11,L9,S2-P11-L9,0.33 ,-30.11%,,
263,S2,P11,L10,S2-P11-L10,1.00 ,-71.31%,,
264,S2,P11,L11,S2-P11-L11,0.05 ,-15.81%,,
265,S2,P12,L1,S2-P12-L1,0.14 ,-1.55%,,
266,S2,P12,L2,S2-P12-L2,0.48 ,58.07%,,
267,S2,P12,L3,S2-P12-L3,0.20 ,62.60%,,
268,S2,P12,L4,S2-P12-L4,0.73 ,-71.51%,,
269,S2,P12,L5,S2-P12-L5,0.24 ,-9.86%,,
270,S2,P12,L6,S2-P12-L6,0.08 ,27.91%,,
271,S2,P12,L7,S2-P12-L7,0.33 ,-20.69%,,
272,S2,P12,L8,S2-P12-L8,0.01 ,-4.38%,,
273,S2,P12,L9,S2-P12-L9,0.48 ,-23.93%,,
274,S2,P12,L10,S2-P12-L10,0.45 ,-66.93%,,
275,S2,P12,L11,S2-P12-L11,0.09 ,-3.06%,,
276,S2,P13,L1,S2-P13-L1,0.07 ,-0.24%,,
277,S2,P13,L2,S2-P13-L2,0.28 ,55.85%,,
278,S2,P13,L3,S2-P13-L3,0.10 ,55.05%,,
279,S2,P13,L4,S2-P13-L4,0.38 ,-66.25%,,
280,S2,P13,L5,S2-P13-L5,0.09 ,-7.38%,,
281,S2,P13,L6,S2-P13-L6,0.08 ,30.77%,,
282,S2,P13,L7,S2-P13-L7,0.18 ,-13.81%,,
283,S2,P13,L8,S2-P13-L8,0.01 ,-3.77%,,
284,S2,P13,L9,S2-P13-L9,0.21 ,-26.11%,,
285,S2,P13,L10,S2-P13-L10,0.23 ,-65.52%,,
286,S2,P13,L11,S2-P13-L11,0.07 ,-3.00%,,
287,S3,P1,L1,S3-P1-L1,0.24 ,3.80%,,
288,S3,P1,L2,S3-P1-L2,1.07 ,42.96%,,
289,S3,P1,L3,S3-P1-L3,0.42 ,60.88%,,
290,S3,P1,L4,S3-P1-L4,1.85 ,-43.38%,,
291,S3,P1,L5,S3-P1-L5,0.78 ,4.96%,,
292,S3,P1,L6,S3-P1-L6,0.14 ,29.40%,,
293,S3,P1,L7,S3-P1-L7,0.96 ,-0.96%,,
294,S3,P1,L8,S3-P1-L8,0.06 ,3.71%,,
295,S3,P1,L9,S3-P1-L9,1.41 ,-22.63%,,
296,S3,P1,L10,S3-P1-L10,0.34 ,-29.65%,,
297,S3,P1,L11,S3-P1-L11,0.15 ,10.07%,,
298,S3,P2,L1,S3-P2-L1,0.17 ,-5.45%,,
299,S3,P2,L2,S3-P2-L2,1.11 ,31.42%,,
300,S3,P2,L3,S3-P2-L3,0.53 ,36.29%,,
301,S3,P2,L4,S3-P2-L4,2.45 ,-58.82%,,
302,S3,P2,L5,S3-P2-L5,1.05 ,-12.34%,,
303,S3,P2,L6,S3-P2-L6,0.13 ,13.55%,,
304,S3,P2,L7,S3-P2-L7,0.85 ,-20.26%,,
305,S3,P2,L8,S3-P2-L8,0.05 ,-35.96%,,
306,S3,P2,L9,S3-P2-L9,1.08 ,-39.39%,,
307,S3,P2,L10,S3-P2-L10,0.38 ,-21.05%,,
308,S3,P2,L11,S3-P2-L11,0.19 ,-15.54%,,
309,S3,P3,L1,S3-P3-L1,0.30 ,-19.85%,,
310,S3,P3,L2,S3-P3-L2,1.19 ,36.13%,,
311,S3,P3,L3,S3-P3-L3,0.64 ,52.20%,,
312,S3,P3,L4,S3-P3-L4,2.51 ,-32.49%,,
313,S3,P3,L5,S3-P3-L5,0.95 ,5.99%,,
314,S3,P3,L6,S3-P3-L6,0.17 ,20.83%,,
315,S3,P3,L7,S3-P3-L7,1.31 ,8.11%,,
316,S3,P3,L8,S3-P3-L8,0.10 ,-33.64%,,
317,S3,P3,L9,S3-P3-L9,1.24 ,-23.71%,,
318,S3,P3,L10,S3-P3-L10,0.32 ,-34.23%,,
319,S3,P3,L11,S3-P3-L11,0.17 ,-10.36%,,
320,S3,P4,L1,S3-P4-L1,0.21 ,9.88%,,
321,S3,P4,L2,S3-P4-L2,1.20 ,38.36%,,
322,S3,P4,L3,S3-P4-L3,0.52 ,51.65%,,
323,S3,P4,L4,S3-P4-L4,2.02 ,-39.52%,,
324,S3,P4,L5,S3-P4-L5,0.73 ,4.39%,,
325,S3,P4,L6,S3-P4-L6,0.16 ,29.89%,,
326,S3,P4,L7,S3-P4-L7,1.27 ,-0.38%,,
327,S3,P4,L8,S3-P4-L8,0.10 ,-18.02%,,
328,S3,P4,L9,S3-P4-L9,1.12 ,-15.12%,,
329,S3,P4,L10,S3-P4-L10,0.46 ,-29.70%,,
330,S3,P4,L11,S3-P4-L11,0.05 ,12.49%,,
331,S3,P5,L1,S3-P5-L1,0.28 ,7.79%,,
332,S3,P5,L2,S3-P5-L2,1.49 ,36.31%,,
333,S3,P5,L3,S3-P5-L3,0.83 ,35.67%,,
334,S3,P5,L4,S3-P5-L4,1.97 ,-37.65%,,
335,S3,P5,L5,S3-P5-L5,0.72 ,-0.77%,,
336,S3,P5,L6,S3-P5-L6,0.11 ,27.09%,,
337,S3,P5,L7,S3-P5-L7,1.16 ,-0.44%,,
338,S3,P5,L8,S3-P5-L8,0.06 ,-17.17%,,
339,S3,P5,L9,S3-P5-L9,1.15 ,-37.60%,,
340,S3,P5,L10,S3-P5-L10,0.34 ,-28.95%,,
341,S3,P5,L11,S3-P5-L11,0.11 ,7.64%,,
342,S3,P6,L1,S3-P6-L1,0.25 ,5.53%,,
343,S3,P6,L2,S3-P6-L2,1.40 ,37.64%,,
344,S3,P6,L3,S3-P6-L3,0.78 ,38.78%,,
345,S3,P6,L4,S3-P6-L4,0.74 ,-33.92%,,
346,S3,P6,L5,S3-P6-L5,0.62 ,4.27%,,
347,S3,P6,L6,S3-P6-L6,0.06 ,16.53%,,
348,S3,P6,L7,S3-P6-L7,0.94 ,-2.84%,,
349,S3,P6,L8,S3-P6-L8,0.01 ,-12.12%,,
350,S3,P6,L9,S3-P6-L9,0.35 ,-17.75%,,
351,S3,P6,L10,S3-P6-L10,0.37 ,-13.44%,,
352,S3,P6,L11,S3-P6-L11,0.02 ,4.90%,,
353,S3,P7,L1,S3-P7-L1,0.02 ,-9.26%,,
354,S3,P7,L2,S3-P7-L2,0.38 ,45.02%,,
355,S3,P7,L3,S3-P7-L3,0.08 ,12.95%,,
356,S3,P7,L4,S3-P7-L4,0.36 ,-32.48%,,
357,S3,P7,L5,S3-P7-L5,0.12 ,-1.64%,,
358,S3,P7,L6,S3-P7-L6,0.06 ,-0.11%,,
359,S3,P7,L7,S3-P7-L7,0.45 ,3.67%,,
360,S3,P7,L8,S3-P7-L8,0.12 ,-12.58%,,
361,S3,P7,L9,S3-P7-L9,0.19 ,-8.75%,,
362,S3,P7,L10,S3-P7-L10,0.57 ,-28.48%,,
363,S3,P7,L11,S3-P7-L11,0.03 ,-27.48%,,
364,S3,P8,L1,S3-P8-L1,0.10 ,8.71%,,
365,S3,P8,L2,S3-P8-L2,1.05 ,40.63%,,
366,S3,P8,L3,S3-P8-L3,0.41 ,35.38%,,
367,S3,P8,L4,S3-P8-L4,0.77 ,5.88%,,
368,S3,P8,L5,S3-P8-L5,0.36 ,-2.92%,,
369,S3,P8,L6,S3-P8-L6,0.13 ,13.91%,,
370,S3,P8,L7,S3-P8-L7,0.50 ,4.52%,,
371,S3,P8,L8,S3-P8-L8,0.17 ,1.41%,,
372,S3,P8,L9,S3-P8-L9,0.39 ,-10.04%,,
373,S3,P8,L10,S3-P8-L10,0.33 ,-40.76%,,
374,S3,P8,L11,S3-P8-L11,0.04 ,8.37%,,
375,S3,P9,L1,S3-P9-L1,0.09 ,8.60%,,
376,S3,P9,L2,S3-P9-L2,0.92 ,31.25%,,
377,S3,P9,L3,S3-P9-L3,0.11 ,35.10%,,
378,S3,P9,L4,S3-P9-L4,0.39 ,-15.36%,,
379,S3,P9,L5,S3-P9-L5,0.63 ,12.83%,,
380,S3,P9,L6,S3-P9-L6,0.13 ,20.82%,,
381,S3,P9,L7,S3-P9-L7,0.57 ,9.47%,,
382,S3,P9,L8,S3-P9-L8,0.12 ,0.07%,,
383,S3,P9,L9,S3-P9-L9,0.34 ,-7.41%,,
384,S3,P9,L10,S3-P9-L10,0.36 ,-19.79%,,
385,S3,P9,L11,S3-P9-L11,0.03 ,-2.39%,,
386,S3,P10,L1,S3-P10-L1,0.04 ,-1.25%,,
387,S3,P10,L2,S3-P10-L2,0.23 ,44.61%,,
388,S3,P10,L3,S3-P10-L3,0.04 ,20.47%,,
389,S3,P10,L4,S3-P10-L4,0.09 ,-3.68%,,
390,S3,P10,L5,S3-P10-L5,0.11 ,2.53%,,
391,S3,P10,L6,S3-P10-L6,0.08 ,12.43%,,
392,S3,P10,L7,S3-P10-L7,0.14 ,10.49%,,
393,S3,P10,L8,S3-P10-L8,0.07 ,1.55%,,
394,S3,P10,L9,S3-P10-L9,0.12 ,-5.91%,,
395,S3,P10,L10,S3-P10-L10,0.08 ,-7.55%,,
396,S3,P10,L11,S3-P10-L11,0.01 ,-17.76%,,
397,S3,P11,L1,S3-P11-L1,0.04 ,0.12%,,
398,S3,P11,L2,S3-P11-L2,0.43 ,45.33%,,
399,S3,P11,L3,S3-P11-L3,0.05 ,36.58%,,
400,S3,P11,L4,S3-P11-L4,0.25 ,-17.65%,,
401,S3,P11,L5,S3-P11-L5,0.15 ,-8.45%,,
402,S3,P11,L6,S3-P11-L6,0.10 ,31.83%,,
403,S3,P11,L7,S3-P11-L7,0.26 ,9.68%,,
404,S3,P11,L8,S3-P11-L8,0.07 ,-2.36%,,
405,S3,P11,L9,S3-P11-L9,0.21 ,-5.92%,,
406,S3,P11,L10,S3-P11-L10,0.56 ,-26.90%,,
407,S3,P11,L11,S3-P11-L11,0.01 ,-18.36%,,
408,S3,P12,L1,S3-P12-L1,0.03 ,-3.94%,,
409,S3,P12,L2,S3-P12-L2,0.42 ,47.53%,,
410,S3,P12,L3,S3-P12-L3,0.12 ,-23.05%,,
411,S3,P12,L4,S3-P12-L4,0.40 ,-33.73%,,
412,S3,P12,L5,S3-P12-L5,0.21 ,5.40%,,
413,S3,P12,L6,S3-P12-L6,0.07 ,24.85%,,
414,S3,P12,L7,S3-P12-L7,0.24 ,5.87%,,
415,S3,P12,L8,S3-P12-L8,0.10 ,-3.31%,,
416,S3,P12,L9,S3-P12-L9,0.23 ,-11.16%,,
417,S3,P12,L10,S3-P12-L10,0.42 ,-20.34%,,
418,S3,P12,L11,S3-P12-L11,0.03 ,-0.91%,,
419,S3,P13,L1,S3-P13-L1,0.03 ,5.23%,,
420,S3,P13,L2,S3-P13-L2,0.11 ,43.40%,,
421,S3,P13,L3,S3-P13-L3,0.08 ,6.99%,,
422,S3,P13,L4,S3-P13-L4,0.20 ,-24.09%,,
423,S3,P13,L5,S3-P13-L5,0.14 ,8.32%,,
424,S3,P13,L6,S3-P13-L6,0.05 ,20.17%,,
425,S3,P13,L7,S3-P13-L7,0.11 ,7.89%,,
426,S3,P13,L8,S3-P13-L8,0.03 ,-2.61%,,
427,S3,P13,L9,S3-P13-L9,0.07 ,-14.06%,,
428,S3,P13,L10,S3-P13-L10,0.41 ,-23.44%,,
429,S3,P13,L11,S3-P13-L11,0.02 ,-16.24%,,
430,S4,P1,L1,S4-P1-L1,0.31 ,5.67%,,
431,S4,P1,L2,S4-P1-L2,1.61 ,56.82%,,
432,S4,P1,L3,S4-P1-L3,0.14 ,68.79%,,
433,S4,P1,L4,S4-P1-L4,3.03 ,-62.99%,,
434,S4,P1,L5,S4-P1-L5,1.44 ,-2.12%,,
435,S4,P1,L6,S4-P1-L6,0.19 ,38.54%,,
436,S4,P1,L7,S4-P1-L7,1.16 ,-13.94%,,
437,S4,P1,L8,S4-P1-L8,0.30 ,-10.67%,,
438,S4,P1,L9,S4-P1-L9,1.10 ,-23.11%,,
439,S4,P1,L10,S4-P1-L10,0.49 ,-33.14%,,
440,S4,P1,L11,S4-P1-L11,0.11 ,10.30%,,
441,S4,P2,L1,S4-P2-L1,0.19 ,-0.48%,,
442,S4,P2,L2,S4-P2-L2,2.14 ,45.99%,,
443,S4,P2,L3,S4-P2-L3,0.60 ,29.88%,,
444,S4,P2,L4,S4-P2-L4,0.00 ,25.26%,,
445,S4,P2,L5,S4-P2-L5,1.25 ,-0.55%,,
446,S4,P2,L6,S4-P2-L6,0.08 ,9.41%,,
447,S4,P2,L7,S4-P2-L7,0.69 ,-15.12%,,
448,S4,P2,L8,S4-P2-L8,0.25 ,-11.27%,,
449,S4,P2,L9,S4-P2-L9,1.13 ,-29.71%,,
450,S4,P2,L10,S4-P2-L10,0.28 ,-30.49%,,
451,S4,P2,L11,S4-P2-L11,0.06 ,-3.59%,,
452,S4,P3,L1,S4-P3-L1,0.28 ,-0.03%,,
453,S4,P3,L2,S4-P3-L2,1.95 ,41.23%,,
454,S4,P3,L3,S4-P3-L3,0.52 ,46.66%,,
455,S4,P3,L4,S4-P3-L4,0.05 ,9.26%,,
456,S4,P3,L5,S4-P3-L5,1.01 ,-0.97%,,
457,S4,P3,L6,S4-P3-L6,0.10 ,18.37%,,
458,S4,P3,L7,S4-P3-L7,1.04 ,-17.49%,,
459,S4,P3,L8,S4-P3-L8,0.56 ,-9.43%,,
460,S4,P3,L9,S4-P3-L9,1.51 ,-32.79%,,
461,S4,P3,L10,S4-P3-L10,0.32 ,-31.41%,,
462,S4,P3,L11,S4-P3-L11,0.13 ,-9.47%,,
463,S4,P4,L1,S4-P4-L1,0.31 ,-0.07%,,
464,S4,P4,L2,S4-P4-L2,1.81 ,43.89%,,
465,S4,P4,L3,S4-P4-L3,0.53 ,46.60%,,
466,S4,P4,L4,S4-P4-L4,0.07 ,17.27%,,
467,S4,P4,L5,S4-P4-L5,2.19 ,-6.69%,,
468,S4,P4,L6,S4-P4-L6,0.18 ,15.06%,,
469,S4,P4,L7,S4-P4-L7,1.06 ,-14.26%,,
470,S4,P4,L8,S4-P4-L8,0.60 ,-6.67%,,
471,S4,P4,L9,S4-P4-L9,1.20 ,-32.61%,,
472,S4,P4,L10,S4-P4-L10,0.35 ,-53.97%,,
473,S4,P4,L11,S4-P4-L11,0.09 ,-4.23%,,
474,S4,P5,L1,S4-P5-L1,0.27 ,0.65%,,
475,S4,P5,L2,S4-P5-L2,1.68 ,41.68%,,
476,S4,P5,L3,S4-P5-L3,0.47 ,44.72%,,
477,S4,P5,L4,S4-P5-L4,0.05 ,8.06%,,
478,S4,P5,L5,S4-P5-L5,0.73 ,-2.63%,,
479,S4,P5,L6,S4-P5-L6,0.13 ,14.94%,,
480,S4,P5,L7,S4-P5-L7,1.17 ,-2.13%,,
481,S4,P5,L8,S4-P5-L8,0.64 ,-9.63%,,
482,S4,P5,L9,S4-P5-L9,0.74 ,-34.57%,,
483,S4,P5,L10,S4-P5-L10,0.37 ,-34.18%,,
484,S4,P5,L11,S4-P5-L11,0.11 ,-4.94%,,
485,S4,P6,L1,S4-P6-L1,0.22 ,1.81%,,
486,S4,P6,L2,S4-P6-L2,1.54 ,39.08%,,
487,S4,P6,L3,S4-P6-L3,0.35 ,32.25%,,
488,S4,P6,L4,S4-P6-L4,0.06 ,10.91%,,
489,S4,P6,L5,S4-P6-L5,2.53 ,-4.31%,,
490,S4,P6,L6,S4-P6-L6,0.12 ,18.21%,,
491,S4,P6,L7,S4-P6-L7,1.30 ,1.95%,,
492,S4,P6,L8,S4-P6-L8,0.74 ,-2.58%,,
493,S4,P6,L9,S4-P6-L9,1.76 ,-25.56%,,
494,S4,P6,L10,S4-P6-L10,0.31 ,-32.14%,,
495,S4,P6,L11,S4-P6-L11,0.24 ,-3.74%,,
496,S4,P7,L1,S4-P7-L1,0.05 ,6.17%,,
497,S4,P7,L2,S4-P7-L2,0.74 ,43.58%,,
498,S4,P7,L3,S4-P7-L3,0.19 ,42.65%,,
499,S4,P7,L4,S4-P7-L4,0.07 ,0.44%,,
500,S4,P7,L5,S4-P7-L5,0.56 ,1.04%,,
501,S4,P7,L6,S4-P7-L6,0.09 ,26.47%,,
502,S4,P7,L7,S4-P7-L7,0.63 ,-0.42%,,
503,S4,P7,L8,S4-P7-L8,0.12 ,-9.90%,,
504,S4,P7,L9,S4-P7-L9,0.28 ,-28.87%,,
505,S4,P7,L10,S4-P7-L10,0.96 ,-59.58%,,
506,S4,P7,L11,S4-P7-L11,0.02 ,-25.90%,,
507,S4,P8,L1,S4-P8-L1,0.08 ,0.89%,,
508,S4,P8,L2,S4-P8-L2,1.28 ,47.95%,,
509,S4,P8,L3,S4-P8-L3,0.22 ,46.70%,,
510,S4,P8,L4,S4-P8-L4,0.05 ,11.75%,,
511,S4,P8,L5,S4-P8-L5,0.60 ,1.23%,,
512,S4,P8,L6,S4-P8-L6,0.07 ,27.24%,,
513,S4,P8,L7,S4-P8-L7,1.18 ,-3.48%,,
514,S4,P8,L8,S4-P8-L8,0.19 ,-10.26%,,
515,S4,P8,L9,S4-P8-L9,0.51 ,-33.14%,,
516,S4,P8,L10,S4-P8-L10,0.74 ,-62.51%,,
517,S4,P8,L11,S4-P8-L11,0.02 ,-37.80%,,
518,S4,P9,L1,S4-P9-L1,0.30 ,17.71%,,
519,S4,P9,L2,S4-P9-L2,0.84 ,39.79%,,
520,S4,P9,L3,S4-P9-L3,0.22 ,49.15%,,
521,S4,P9,L4,S4-P9-L4,0.10 ,-0.02%,,
522,S4,P9,L5,S4-P9-L5,0.51 ,-1.53%,,
523,S4,P9,L6,S4-P9-L6,0.06 ,21.83%,,
524,S4,P9,L7,S4-P9-L7,0.42 ,-10.50%,,
525,S4,P9,L8,S4-P9-L8,0.12 ,-10.16%,,
526,S4,P9,L9,S4-P9-L9,0.36 ,-31.29%,,
527,S4,P9,L10,S4-P9-L10,0.48 ,-54.18%,,
528,S4,P9,L11,S4-P9-L11,0.08 ,-12.81%,,
529,S4,P10,L1,S4-P10-L1,0.04 ,-1.64%,,
530,S4,P10,L2,S4-P10-L2,0.22 ,52.60%,,
531,S4,P10,L3,S4-P10-L3,0.04 ,45.38%,,
532,S4,P10,L4,S4-P10-L4,0.07 ,-48.87%,,
533,S4,P10,L5,S4-P10-L5,0.07 ,-8.35%,,
534,S4,P10,L6,S4-P10-L6,0.03 ,19.44%,,
535,S4,P10,L7,S4-P10-L7,0.15 ,-5.89%,,
536,S4,P10,L8,S4-P10-L8,0.03 ,-9.96%,,
537,S4,P10,L9,S4-P10-L9,0.15 ,-23.52%,,
538,S4,P10,L10,S4-P10-L10,0.08 ,-47.40%,,
539,S4,P10,L11,S4-P10-L11,0.02 ,5.96%,,
540,S4,P11,L1,S4-P11-L1,0.06 ,0.18%,,
541,S4,P11,L2,S4-P11-L2,0.29 ,55.28%,,
542,S4,P11,L3,S4-P11-L3,0.08 ,56.66%,,
543,S4,P11,L4,S4-P11-L4,0.42 ,-67.62%,,
544,S4,P11,L5,S4-P11-L5,0.15 ,-14.21%,,
545,S4,P11,L6,S4-P11-L6,0.07 ,31.95%,,
546,S4,P11,L7,S4-P11-L7,0.22 ,-9.73%,,
547,S4,P11,L8,S4-P11-L8,0.05 ,-11.94%,,
548,S4,P11,L9,S4-P11-L9,0.19 ,-30.90%,,
549,S4,P11,L10,S4-P11-L10,0.65 ,-71.80%,,
550,S4,P11,L11,S4-P11-L11,0.05 ,-21.22%,,
551,S4,P12,L1,S4-P12-L1,0.07 ,-0.37%,,
552,S4,P12,L2,S4-P12-L2,0.72 ,51.95%,,
553,S4,P12,L3,S4-P12-L3,0.12 ,60.99%,,
554,S4,P12,L4,S4-P12-L4,0.95 ,-66.47%,,
555,S4,P12,L5,S4-P12-L5,0.27 ,-10.29%,,
556,S4,P12,L6,S4-P12-L6,0.06 ,28.57%,,
557,S4,P12,L7,S4-P12-L7,0.58 ,-10.68%,,
558,S4,P12,L8,S4-P12-L8,0.12 ,-12.99%,,
559,S4,P12,L9,S4-P12-L9,0.31 ,-38.31%,,
560,S4,P12,L10,S4-P12-L10,0.67 ,-72.08%,,
561,S4,P12,L11,S4-P12-L11,0.05 ,-17.30%,,
562,S4,P13,L1,S4-P13-L1,0.06 ,-0.26%,,
563,S4,P13,L2,S4-P13-L2,0.28 ,47.40%,,
564,S4,P13,L3,S4-P13-L3,0.09 ,45.22%,,
565,S4,P13,L4,S4-P13-L4,0.35 ,-55.17%,,
566,S4,P13,L5,S4-P13-L5,0.10 ,-5.42%,,
567,S4,P13,L6,S4-P13-L6,0.08 ,30.36%,,
568,S4,P13,L7,S4-P13-L7,0.19 ,-3.69%,,
569,S4,P13,L8,S4-P13-L8,0.05 ,-8.61%,,
570,S4,P13,L9,S4-P13-L9,0.16 ,-26.85%,,
571,S4,P13,L10,S4-P13-L10,0.46 ,-61.95%,,
572,S4,P13,L11,S4-P13-L11,0.02 ,-20.95%,,
573,S5,P1,L1,S5-P1-L1,0.16 ,-2.07%,,
574,S5,P1,L2,S5-P1-L2,0.38 ,46.19%,,
575,S5,P1,L3,S5-P1-L3,0.34 ,60.46%,,
576,S5,P1,L4,S5-P1-L4,0.60 ,-43.92%,,
577,S5,P1,L5,S5-P1-L5,0.48 ,2.63%,,
578,S5,P1,L6,S5-P1-L6,0.10 ,15.09%,,
579,S5,P1,L7,S5-P1-L7,0.33 ,-14.31%,,
580,S5,P1,L8,S5-P1-L8,0.08 ,-20.91%,,
581,S5,P1,L9,S5-P1-L9,0.30 ,-28.05%,,
582,S5,P1,L10,S5-P1-L10,0.52 ,-53.28%,,
583,S5,P1,L11,S5-P1-L11,0.08 ,-6.56%,,
584,S5,P2,L1,S5-P2-L1,0.47 ,-3.40%,,
585,S5,P2,L2,S5-P2-L2,1.24 ,50.77%,,
586,S5,P2,L3,S5-P2-L3,0.24 ,58.80%,,
587,S5,P2,L4,S5-P2-L4,1.54 ,-41.26%,,
588,S5,P2,L5,S5-P2-L5,0.77 ,5.57%,,
589,S5,P2,L6,S5-P2-L6,0.14 ,35.01%,,
590,S5,P2,L7,S5-P2-L7,1.15 ,-3.79%,,
591,S5,P2,L8,S5-P2-L8,0.32 ,-13.55%,,
592,S5,P2,L9,S5-P2-L9,1.28 ,-2.85%,,
593,S5,P2,L10,S5-P2-L10,0.58 ,-40.91%,,
594,S5,P2,L11,S5-P2-L11,0.08 ,-10.73%,,
595,S5,P3,L1,S5-P3-L1,0.67 ,0.63%,,
596,S5,P3,L2,S5-P3-L2,1.35 ,51.39%,,
597,S5,P3,L3,S5-P3-L3,0.62 ,67.72%,,
598,S5,P3,L4,S5-P3-L4,1.79 ,-36.72%,,
599,S5,P3,L5,S5-P3-L5,0.88 ,20.33%,,
600,S5,P3,L6,S5-P3-L6,0.14 ,26.88%,,
601,S5,P3,L7,S5-P3-L7,1.33 ,-6.99%,,
602,S5,P3,L8,S5-P3-L8,0.52 ,-8.75%,,
603,S5,P3,L9,S5-P3-L9,1.04 ,-7.03%,,
604,S5,P3,L10,S5-P3-L10,0.28 ,-43.36%,,
605,S5,P3,L11,S5-P3-L11,0.17 ,-7.97%,,
606,S5,P4,L1,S5-P4-L1,0.47 ,0.62%,,
607,S5,P4,L2,S5-P4-L2,0.99 ,47.56%,,
608,S5,P4,L3,S5-P4-L3,0.25 ,58.30%,,
609,S5,P4,L4,S5-P4-L4,0.63 ,-39.95%,,
610,S5,P4,L5,S5-P4-L5,0.33 ,8.71%,,
611,S5,P4,L6,S5-P4-L6,0.17 ,24.34%,,
612,S5,P4,L7,S5-P4-L7,0.92 ,-2.18%,,
613,S5,P4,L8,S5-P4-L8,0.15 ,-13.26%,,
614,S5,P4,L9,S5-P4-L9,0.70 ,-12.71%,,
615,S5,P4,L10,S5-P4-L10,1.01 ,-42.59%,,
616,S5,P4,L11,S5-P4-L11,0.10 ,-20.38%,,
617,S5,P5,L1,S5-P5-L1,0.19 ,0.34%,,
618,S5,P5,L2,S5-P5-L2,1.60 ,49.80%,,
619,S5,P5,L3,S5-P5-L3,0.29 ,50.96%,,
620,S5,P5,L4,S5-P5-L4,0.81 ,-47.49%,,
621,S5,P5,L5,S5-P5-L5,0.69 ,7.80%,,
622,S5,P5,L6,S5-P5-L6,0.14 ,27.14%,,
623,S5,P5,L7,S5-P5-L7,1.92 ,4.02%,,
624,S5,P5,L8,S5-P5-L8,0.57 ,-7.00%,,
625,S5,P5,L9,S5-P5-L9,0.96 ,-11.72%,,
626,S5,P5,L10,S5-P5-L10,1.21 ,-43.64%,,
627,S5,P5,L11,S5-P5-L11,0.11 ,-10.54%,,
628,S5,P6,L1,S5-P6-L1,0.15 ,0.20%,,
629,S5,P6,L2,S5-P6-L2,1.22 ,48.24%,,
630,S5,P6,L3,S5-P6-L3,0.40 ,53.80%,,
631,S5,P6,L4,S5-P6-L4,0.82 ,-41.09%,,
632,S5,P6,L5,S5-P6-L5,0.54 ,17.13%,,
633,S5,P6,L6,S5-P6-L6,0.14 ,32.70%,,
634,S5,P6,L7,S5-P6-L7,0.74 ,-5.40%,,
635,S5,P6,L8,S5-P6-L8,0.28 ,-5.07%,,
636,S5,P6,L9,S5-P6-L9,1.06 ,-11.11%,,
637,S5,P6,L10,S5-P6-L10,0.68 ,-40.23%,,
638,S5,P6,L11,S5-P6-L11,0.10 ,-11.64%,,
639,S5,P7,L1,S5-P7-L1,0.05 ,-0.25%,,
640,S5,P7,L2,S5-P7-L2,0.29 ,49.18%,,
641,S5,P7,L3,S5-P7-L3,0.10 ,44.53%,,
642,S5,P7,L4,S5-P7-L4,0.27 ,-54.85%,,
643,S5,P7,L5,S5-P7-L5,0.23 ,1.04%,,
644,S5,P7,L6,S5-P7-L6,0.04 ,16.77%,,
645,S5,P7,L7,S5-P7-L7,0.30 ,-10.69%,,
646,S5,P7,L8,S5-P7-L8,0.08 ,-5.67%,,
647,S5,P7,L9,S5-P7-L9,0.22 ,-20.23%,,
648,S5,P7,L10,S5-P7-L10,0.83 ,-53.37%,,
649,S5,P7,L11,S5-P7-L11,0.02 ,-29.68%,,
650,S5,P8,L1,S5-P8-L1,0.09 ,-4.46%,,
651,S5,P8,L2,S5-P8-L2,0.27 ,42.83%,,
652,S5,P8,L3,S5-P8-L3,0.19 ,59.07%,,
653,S5,P8,L4,S5-P8-L4,0.24 ,-51.97%,,
654,S5,P8,L5,S5-P8-L5,0.17 ,17.14%,,
655,S5,P8,L6,S5-P8-L6,0.06 ,24.24%,,
656,S5,P8,L7,S5-P8-L7,0.41 ,-12.03%,,
657,S5,P8,L8,S5-P8-L8,0.06 ,-10.70%,,
658,S5,P8,L9,S5-P8-L9,0.27 ,-21.89%,,
659,S5,P8,L10,S5-P8-L10,0.23 ,-51.73%,,
660,S5,P8,L11,S5-P8-L11,0.06 ,2.92%,,
661,S5,P9,L1,S5-P9-L1,0.12 ,-0.40%,,
662,S5,P9,L2,S5-P9-L2,0.62 ,45.61%,,
663,S5,P9,L3,S5-P9-L3,0.07 ,40.41%,,
664,S5,P9,L4,S5-P9-L4,0.16 ,-51.35%,,
665,S5,P9,L5,S5-P9-L5,0.17 ,13.04%,,
666,S5,P9,L6,S5-P9-L6,0.08 ,26.83%,,
667,S5,P9,L7,S5-P9-L7,0.45 ,-12.26%,,
668,S5,P9,L8,S5-P9-L8,0.09 ,-0.52%,,
669,S5,P9,L9,S5-P9-L9,0.35 ,-14.63%,,
670,S5,P9,L10,S5-P9-L10,0.70 ,-48.68%,,
671,S5,P9,L11,S5-P9-L11,0.06 ,-9.24%,,
672,S5,P10,L1,S5-P10-L1,0.10 ,-3.55%,,
673,S5,P10,L2,S5-P10-L2,0.46 ,45.05%,,
674,S5,P10,L3,S5-P10-L3,0.05 ,38.00%,,
675,S5,P10,L4,S5-P10-L4,0.07 ,-40.07%,,
676,S5,P10,L5,S5-P10-L5,0.09 ,1.65%,,
677,S5,P10,L6,S5-P10-L6,0.11 ,27.57%,,
678,S5,P10,L7,S5-P10-L7,0.35 ,-3.56%,,
679,S5,P10,L8,S5-P10-L8,0.11 ,7.78%,,
680,S5,P10,L9,S5-P10-L9,0.27 ,-7.17%,,
681,S5,P10,L10,S5-P10-L10,0.65 ,-45.01%,,
682,S5,P10,L11,S5-P10-L11,0.04 ,-9.35%,,
683,S5,P11,L1,S5-P11-L1,0.09 ,-2.61%,,
684,S5,P11,L2,S5-P11-L2,0.37 ,46.33%,,
685,S5,P11,L3,S5-P11-L3,0.10 ,52.11%,,
686,S5,P11,L4,S5-P11-L4,0.19 ,-55.64%,,
687,S5,P11,L5,S5-P11-L5,0.11 ,-7.61%,,
688,S5,P11,L6,S5-P11-L6,0.08 ,28.43%,,
689,S5,P11,L7,S5-P11-L7,0.33 ,-13.33%,,
690,S5,P11,L8,S5-P11-L8,0.11 ,-2.04%,,
691,S5,P11,L9,S5-P11-L9,0.24 ,-15.39%,,
692,S5,P11,L10,S5-P11-L10,0.42 ,-56.80%,,
693,S5,P11,L11,S5-P11-L11,0.04 ,-10.41%,,
694,S5,P12,L1,S5-P12-L1,0.06 ,-4.61%,,
695,S5,P12,L2,S5-P12-L2,0.41 ,46.85%,,
696,S5,P12,L3,S5-P12-L3,0.14 ,57.67%,,
697,S5,P12,L4,S5-P12-L4,0.16 ,-56.00%,,
698,S5,P12,L5,S5-P12-L5,0.08 ,-5.67%,,
699,S5,P12,L6,S5-P12-L6,0.04 ,32.91%,,
700,S5,P12,L7,S5-P12-L7,0.13 ,-15.44%,,
701,S5,P12,L8,S5-P12-L8,0.07 ,-5.85%,,
702,S5,P12,L9,S5-P12-L9,0.19 ,-14.52%,,
703,S5,P12,L10,S5-P12-L10,0.38 ,-58.04%,,
704,S5,P12,L11,S5-P12-L11,0.04 ,-15.60%,,
705,S5,P13,L1,S5-P13-L1,0.04 ,-9.16%,,
706,S5,P13,L2,S5-P13-L2,0.18 ,48.38%,,
707,S5,P13,L3,S5-P13-L3,0.08 ,46.42%,,
708,S5,P13,L4,S5-P13-L4,0.10 ,-56.59%,,
709,S5,P13,L5,S5-P13-L5,0.07 ,1.68%,,
710,S5,P13,L6,S5-P13-L6,0.06 ,26.02%,,
711,S5,P13,L7,S5-P13-L7,0.07 ,-15.61%,,
712,S5,P13,L8,S5-P13-L8,0.04 ,-8.39%,,
713,S5,P13,L9,S5-P13-L9,0.12 ,-15.21%,,
714,S5,P13,L10,S5-P13-L10,0.32 ,-57.65%,,
715,S5,P13,L11,S5-P13-L11,0.03 ,-11.50%,,
716,S6,P1,L1,S6-P1-L1,0.50 ,-2.35%,,
717,S6,P1,L2,S6-P1-L2,0.98 ,47.44%,,
718,S6,P1,L3,S6-P1-L3,0.49 ,69.02%,,
719,S6,P1,L4,S6-P1-L4,1.10 ,-49.22%,,
720,S6,P1,L5,S6-P1-L5,0.31 ,-3.22%,,
721,S6,P1,L6,S6-P1-L6,0.19 ,43.50%,,
722,S6,P1,L7,S6-P1-L7,0.46 ,-5.78%,,
723,S6,P1,L8,S6-P1-L8,0.19 ,-6.32%,,
724,S6,P1,L9,S6-P1-L9,0.53 ,-15.93%,,
725,S6,P1,L10,S6-P1-L10,0.88 ,-55.85%,,
726,S6,P1,L11,S6-P1-L11,0.09 ,-11.73%,,
727,S6,P2,L1,S6-P2-L1,0.44 ,-1.07%,,
728,S6,P2,L2,S6-P2-L2,1.51 ,47.39%,,
729,S6,P2,L3,S6-P2-L3,0.59 ,74.66%,,
730,S6,P2,L4,S6-P2-L4,1.64 ,-54.58%,,
731,S6,P2,L5,S6-P2-L5,0.45 ,-6.56%,,
732,S6,P2,L6,S6-P2-L6,0.13 ,33.74%,,
733,S6,P2,L7,S6-P2-L7,0.75 ,-13.13%,,
734,S6,P2,L8,S6-P2-L8,0.37 ,-8.25%,,
735,S6,P2,L9,S6-P2-L9,1.07 ,-17.29%,,
736,S6,P2,L10,S6-P2-L10,0.78 ,-58.20%,,
737,S6,P2,L11,S6-P2-L11,0.08 ,1.83%,,
738,S6,P3,L1,S6-P3-L1,0.21 ,2.40%,,
739,S6,P3,L2,S6-P3-L2,1.46 ,49.99%,,
740,S6,P3,L3,S6-P3-L3,0.62 ,74.22%,,
741,S6,P3,L4,S6-P3-L4,1.71 ,-55.44%,,
742,S6,P3,L5,S6-P3-L5,0.81 ,-7.98%,,
743,S6,P3,L6,S6-P3-L6,0.18 ,15.76%,,
744,S6,P3,L7,S6-P3-L7,0.84 ,-12.22%,,
745,S6,P3,L8,S6-P3-L8,0.76 ,-7.79%,,
746,S6,P3,L9,S6-P3-L9,1.29 ,-18.72%,,
747,S6,P3,L10,S6-P3-L10,0.30 ,-25.59%,,
748,S6,P3,L11,S6-P3-L11,0.33 ,0.92%,,
749,S6,P4,L1,S6-P4-L1,0.39 ,6.05%,,
750,S6,P4,L2,S6-P4-L2,1.58 ,49.07%,,
751,S6,P4,L3,S6-P4-L3,0.89 ,61.41%,,
752,S6,P4,L4,S6-P4-L4,1.41 ,-51.17%,,
753,S6,P4,L5,S6-P4-L5,0.42 ,-11.84%,,
754,S6,P4,L6,S6-P4-L6,0.21 ,18.81%,,
755,S6,P4,L7,S6-P4-L7,0.85 ,-18.21%,,
756,S6,P4,L8,S6-P4-L8,0.48 ,-8.53%,,
757,S6,P4,L9,S6-P4-L9,0.64 ,-16.90%,,
758,S6,P4,L10,S6-P4-L10,0.31 ,-47.89%,,
759,S6,P4,L11,S6-P4-L11,0.25 ,-0.08%,,
760,S6,P5,L1,S6-P5-L1,0.72 ,3.23%,,
761,S6,P5,L2,S6-P5-L2,2.04 ,44.23%,,
762,S6,P5,L3,S6-P5-L3,0.58 ,59.59%,,
763,S6,P5,L4,S6-P5-L4,1.99 ,-55.21%,,
764,S6,P5,L5,S6-P5-L5,0.85 ,-8.56%,,
765,S6,P5,L6,S6-P5-L6,0.20 ,17.58%,,
766,S6,P5,L7,S6-P5-L7,1.14 ,-17.47%,,
767,S6,P5,L8,S6-P5-L8,0.63 ,-10.90%,,
768,S6,P5,L9,S6-P5-L9,1.42 ,-22.24%,,
769,S6,P5,L10,S6-P5-L10,0.26 ,-31.12%,,
770,S6,P5,L11,S6-P5-L11,0.28 ,-6.02%,,
771,S6,P6,L1,S6-P6-L1,0.77 ,7.79%,,
772,S6,P6,L2,S6-P6-L2,1.62 ,46.82%,,
773,S6,P6,L3,S6-P6-L3,0.66 ,56.70%,,
774,S6,P6,L4,S6-P6-L4,1.69 ,-59.00%,,
775,S6,P6,L5,S6-P6-L5,0.90 ,-8.08%,,
776,S6,P6,L6,S6-P6-L6,0.17 ,19.39%,,
777,S6,P6,L7,S6-P6-L7,1.02 ,-14.90%,,
778,S6,P6,L8,S6-P6-L8,0.57 ,-5.55%,,
779,S6,P6,L9,S6-P6-L9,1.11 ,-19.21%,,
780,S6,P6,L10,S6-P6-L10,0.27 ,-47.96%,,
781,S6,P6,L11,S6-P6-L11,0.31 ,-6.29%,,
782,S6,P7,L1,S6-P7-L1,0.18 ,6.32%,,
783,S6,P7,L2,S6-P7-L2,0.65 ,52.51%,,
784,S6,P7,L3,S6-P7-L3,0.21 ,57.42%,,
785,S6,P7,L4,S6-P7-L4,0.69 ,-54.74%,,
786,S6,P7,L5,S6-P7-L5,0.14 ,1.83%,,
787,S6,P7,L6,S6-P7-L6,0.15 ,24.78%,,
788,S6,P7,L7,S6-P7-L7,0.29 ,-15.32%,,
789,S6,P7,L8,S6-P7-L8,0.13 ,-13.34%,,
790,S6,P7,L9,S6-P7-L9,0.16 ,-20.50%,,
791,S6,P7,L10,S6-P7-L10,0.64 ,-49.03%,,
792,S6,P7,L11,S6-P7-L11,0.06 ,5.20%,,
793,S6,P8,L1,S6-P8-L1,0.30 ,5.37%,,
794,S6,P8,L2,S6-P8-L2,0.69 ,48.33%,,
795,S6,P8,L3,S6-P8-L3,0.42 ,61.36%,,
796,S6,P8,L4,S6-P8-L4,0.63 ,-56.31%,,
797,S6,P8,L5,S6-P8-L5,0.18 ,-0.59%,,
798,S6,P8,L6,S6-P8-L6,0.11 ,24.32%,,
799,S6,P8,L7,S6-P8-L7,0.53 ,-11.90%,,
800,S6,P8,L8,S6-P8-L8,0.12 ,-5.51%,,
801,S6,P8,L9,S6-P8-L9,0.17 ,-22.47%,,
802,S6,P8,L10,S6-P8-L10,0.74 ,-40.78%,,
803,S6,P8,L11,S6-P8-L11,0.07 ,-6.21%,,
804,S6,P9,L1,S6-P9-L1,0.46 ,2.85%,,
805,S6,P9,L2,S6-P9-L2,1.44 ,50.67%,,
806,S6,P9,L3,S6-P9-L3,0.55 ,58.65%,,
807,S6,P9,L4,S6-P9-L4,1.18 ,-67.50%,,
808,S6,P9,L5,S6-P9-L5,0.40 ,-4.33%,,
809,S6,P9,L6,S6-P9-L6,0.28 ,25.38%,,
810,S6,P9,L7,S6-P9-L7,0.98 ,-17.72%,,
811,S6,P9,L8,S6-P9-L8,0.39 ,-3.07%,,
812,S6,P9,L9,S6-P9-L9,0.45 ,-17.75%,,
813,S6,P9,L10,S6-P9-L10,0.50 ,-48.97%,,
814,S6,P9,L11,S6-P9-L11,0.06 ,-8.19%,,
815,S6,P10,L1,S6-P10-L1,0.18 ,12.47%,,
816,S6,P10,L2,S6-P10-L2,0.41 ,52.02%,,
817,S6,P10,L3,S6-P10-L3,0.23 ,34.12%,,
818,S6,P10,L4,S6-P10-L4,0.28 ,-56.39%,,
819,S6,P10,L5,S6-P10-L5,0.14 ,1.13%,,
820,S6,P10,L6,S6-P10-L6,0.10 ,16.45%,,
821,S6,P10,L7,S6-P10-L7,0.32 ,-16.76%,,
822,S6,P10,L8,S6-P10-L8,0.06 ,-7.49%,,
823,S6,P10,L9,S6-P10-L9,0.07 ,-9.00%,,
824,S6,P10,L10,S6-P10-L10,0.13 ,-65.16%,,
825,S6,P10,L11,S6-P10-L11,0.03 ,-26.00%,,
826,S6,P11,L1,S6-P11-L1,0.07 ,12.92%,,
827,S6,P11,L2,S6-P11-L2,0.30 ,58.11%,,
828,S6,P11,L3,S6-P11-L3,0.18 ,55.78%,,
829,S6,P11,L4,S6-P11-L4,0.26 ,-52.74%,,
830,S6,P11,L5,S6-P11-L5,0.12 ,-10.77%,,
831,S6,P11,L6,S6-P11-L6,0.09 ,21.75%,,
832,S6,P11,L7,S6-P11-L7,0.18 ,-11.73%,,
833,S6,P11,L8,S6-P11-L8,0.07 ,-7.10%,,
834,S6,P11,L9,S6-P11-L9,0.17 ,-15.12%,,
835,S6,P11,L10,S6-P11-L10,0.27 ,-53.01%,,
836,S6,P11,L11,S6-P11-L11,0.04 ,-9.80%,,
837,S6,P12,L1,S6-P12-L1,0.16 ,3.46%,,
838,S6,P12,L2,S6-P12-L2,0.68 ,52.79%,,
839,S6,P12,L3,S6-P12-L3,0.30 ,66.89%,,
840,S6,P12,L4,S6-P12-L4,1.14 ,-61.36%,,
841,S6,P12,L5,S6-P12-L5,0.54 ,-2.87%,,
842,S6,P12,L6,S6-P12-L6,0.14 ,27.72%,,
843,S6,P12,L7,S6-P12-L7,0.53 ,-17.68%,,
844,S6,P12,L8,S6-P12-L8,0.24 ,-0.79%,,
845,S6,P12,L9,S6-P12-L9,0.47 ,-14.09%,,
846,S6,P12,L10,S6-P12-L10,0.27 ,-45.95%,,
847,S6,P12,L11,S6-P12-L11,0.03 ,4.14%,,
848,S6,P13,L1,S6-P13-L1,0.07 ,-1.54%,,
849,S6,P13,L2,S6-P13-L2,0.28 ,58.10%,,
850,S6,P13,L3,S6-P13-L3,0.19 ,42.38%,,
851,S6,P13,L4,S6-P13-L4,0.27 ,-53.07%,,
852,S6,P13,L5,S6-P13-L5,0.13 ,-6.06%,,
853,S6,P13,L6,S6-P13-L6,0.08 ,26.47%,,
854,S6,P13,L7,S6-P13-L7,0.20 ,-18.18%,,
855,S6,P13,L8,S6-P13-L8,0.05 ,-19.56%,,
856,S6,P13,L9,S6-P13-L9,0.09 ,-10.28%,,
857,S6,P13,L10,S6-P13-L10,0.18 ,-59.97%,,
858,S6,P13,L11,S6-P13-L11,0.00 ,4.53%,,
859,S7,P1,L1,S7-P1-L1,0.58 ,0.91%,,
860,S7,P1,L2,S7-P1-L2,2.67 ,45.78%,,
861,S7,P1,L3,S7-P1-L3,0.81 ,68.27%,,
862,S7,P1,L4,S7-P1-L4,5.40 ,-63.48%,,
863,S7,P1,L5,S7-P1-L5,2.80 ,-12.27%,,
864,S7,P1,L6,S7-P1-L6,0.21 ,0.48%,,
865,S7,P1,L7,S7-P1-L7,2.38 ,-7.78%,,
866,S7,P1,L8,S7-P1-L8,1.43 ,-6.33%,,
867,S7,P1,L9,S7-P1-L9,2.81 ,-23.80%,,
868,S7,P1,L10,S7-P1-L10,2.15 ,-50.15%,,
869,S7,P1,L11,S7-P1-L11,0.36 ,-11.99%,,
870,S7,P2,L1,S7-P2-L1,0.55 ,2.53%,,
871,S7,P2,L2,S7-P2-L2,2.67 ,53.09%,,
872,S7,P2,L3,S7-P2-L3,0.73 ,64.89%,,
873,S7,P2,L4,S7-P2-L4,4.70 ,-60.10%,,
874,S7,P2,L5,S7-P2-L5,1.06 ,-9.29%,,
875,S7,P2,L6,S7-P2-L6,0.11 ,7.06%,,
876,S7,P2,L7,S7-P2-L7,0.97 ,-15.26%,,
877,S7,P2,L8,S7-P2-L8,0.42 ,-6.88%,,
878,S7,P2,L9,S7-P2-L9,2.48 ,-25.47%,,
879,S7,P2,L10,S7-P2-L10,1.29 ,-44.47%,,
880,S7,P2,L11,S7-P2-L11,0.25 ,-12.07%,,
881,S7,P3,L1,S7-P3-L1,0.71 ,0.35%,,
882,S7,P3,L2,S7-P3-L2,3.29 ,42.09%,,
883,S7,P3,L3,S7-P3-L3,0.84 ,64.02%,,
884,S7,P3,L4,S7-P3-L4,5.01 ,-59.60%,,
885,S7,P3,L5,S7-P3-L5,1.28 ,-6.59%,,
886,S7,P3,L6,S7-P3-L6,0.15 ,9.64%,,
887,S7,P3,L7,S7-P3-L7,0.71 ,-3.96%,,
888,S7,P3,L8,S7-P3-L8,0.71 ,-5.01%,,
889,S7,P3,L9,S7-P3-L9,3.44 ,-25.54%,,
890,S7,P3,L10,S7-P3-L10,1.08 ,-42.16%,,
891,S7,P3,L11,S7-P3-L11,0.31 ,-9.81%,,
892,S7,P4,L1,S7-P4-L1,0.75 ,3.72%,,
893,S7,P4,L2,S7-P4-L2,2.87 ,47.39%,,
894,S7,P4,L3,S7-P4-L3,0.62 ,66.87%,,
895,S7,P4,L4,S7-P4-L4,3.94 ,-60.60%,,
896,S7,P4,L5,S7-P4-L5,0.67 ,-12.33%,,
897,S7,P4,L6,S7-P4-L6,0.12 ,9.86%,,
898,S7,P4,L7,S7-P4-L7,0.91 ,-2.54%,,
899,S7,P4,L8,S7-P4-L8,0.46 ,-5.90%,,
900,S7,P4,L9,S7-P4-L9,1.58 ,-27.26%,,
901,S7,P4,L10,S7-P4-L10,2.20 ,-55.63%,,
902,S7,P4,L11,S7-P4-L11,0.16 ,-21.46%,,
903,S7,P5,L1,S7-P5-L1,0.69 ,-0.20%,,
904,S7,P5,L2,S7-P5-L2,2.74 ,52.74%,,
905,S7,P5,L3,S7-P5-L3,0.36 ,64.62%,,
906,S7,P5,L4,S7-P5-L4,4.63 ,-62.82%,,
907,S7,P5,L5,S7-P5-L5,1.33 ,-4.34%,,
908,S7,P5,L6,S7-P5-L6,0.15 ,21.97%,,
909,S7,P5,L7,S7-P5-L7,1.01 ,-3.24%,,
910,S7,P5,L8,S7-P5-L8,0.54 ,-10.12%,,
911,S7,P5,L9,S7-P5-L9,1.59 ,-29.82%,,
912,S7,P5,L10,S7-P5-L10,1.01 ,-50.50%,,
913,S7,P5,L11,S7-P5-L11,0.21 ,-11.02%,,
914,S7,P6,L1,S7-P6-L1,0.83 ,-1.17%,,
915,S7,P6,L2,S7-P6-L2,2.98 ,51.81%,,
916,S7,P6,L3,S7-P6-L3,0.85 ,73.82%,,
917,S7,P6,L4,S7-P6-L4,4.99 ,-63.60%,,
918,S7,P6,L5,S7-P6-L5,2.56 ,-11.68%,,
919,S7,P6,L6,S7-P6-L6,0.21 ,17.78%,,
920,S7,P6,L7,S7-P6-L7,1.61 ,-13.16%,,
921,S7,P6,L8,S7-P6-L8,0.57 ,-14.58%,,
922,S7,P6,L9,S7-P6-L9,1.71 ,-29.47%,,
923,S7,P6,L10,S7-P6-L10,1.02 ,-50.49%,,
924,S7,P6,L11,S7-P6-L11,0.16 ,-13.04%,,
925,S7,P7,L1,S7-P7-L1,0.18 ,3.59%,,
926,S7,P7,L2,S7-P7-L2,1.16 ,58.75%,,
927,S7,P7,L3,S7-P7-L3,0.24 ,62.37%,,
928,S7,P7,L4,S7-P7-L4,1.94 ,-65.47%,,
929,S7,P7,L5,S7-P7-L5,0.89 ,-9.69%,,
930,S7,P7,L6,S7-P7-L6,0.38 ,34.28%,,
931,S7,P7,L7,S7-P7-L7,1.27 ,-17.66%,,
932,S7,P7,L8,S7-P7-L8,0.12 ,-4.35%,,
933,S7,P7,L9,S7-P7-L9,0.45 ,-26.91%,,
934,S7,P7,L10,S7-P7-L10,1.02 ,-69.62%,,
935,S7,P7,L11,S7-P7-L11,0.04 ,-17.03%,,
936,S7,P8,L1,S7-P8-L1,0.29 ,-1.31%,,
937,S7,P8,L2,S7-P8-L2,1.58 ,51.41%,,
938,S7,P8,L3,S7-P8-L3,0.24 ,67.44%,,
939,S7,P8,L4,S7-P8-L4,2.85 ,-68.13%,,
940,S7,P8,L5,S7-P8-L5,1.47 ,-0.86%,,
941,S7,P8,L6,S7-P8-L6,0.19 ,22.31%,,
942,S7,P8,L7,S7-P8-L7,1.52 ,-2.73%,,
943,S7,P8,L8,S7-P8-L8,0.36 ,-10.31%,,
944,S7,P8,L9,S7-P8-L9,0.78 ,-29.69%,,
945,S7,P8,L10,S7-P8-L10,1.35 ,-68.54%,,
946,S7,P8,L11,S7-P8-L11,0.09 ,-14.24%,,
947,S7,P9,L1,S7-P9-L1,0.16 ,0.00%,,
948,S7,P9,L2,S7-P9-L2,0.35 ,45.53%,,
949,S7,P9,L3,S7-P9-L3,0.36 ,66.93%,,
950,S7,P9,L4,S7-P9-L4,0.94 ,-65.90%,,
951,S7,P9,L5,S7-P9-L5,0.23 ,-14.02%,,
952,S7,P9,L6,S7-P9-L6,0.23 ,23.85%,,
953,S7,P9,L7,S7-P9-L7,0.64 ,-20.35%,,
954,S7,P9,L8,S7-P9-L8,0.23 ,-9.57%,,
955,S7,P9,L9,S7-P9-L9,0.89 ,-29.19%,,
956,S7,P9,L10,S7-P9-L10,1.06 ,-65.12%,,
957,S7,P9,L11,S7-P9-L11,0.25 ,-7.46%,,
958,S7,P10,L1,S7-P10-L1,0.11 ,5.13%,,
959,S7,P10,L2,S7-P10-L2,0.23 ,54.27%,,
960,S7,P10,L3,S7-P10-L3,0.11 ,48.40%,,
961,S7,P10,L4,S7-P10-L4,0.27 ,-57.90%,,
962,S7,P10,L5,S7-P10-L5,0.05 ,-4.11%,,
963,S7,P10,L6,S7-P10-L6,0.08 ,19.42%,,
964,S7,P10,L7,S7-P10-L7,0.27 ,-4.62%,,
965,S7,P10,L8,S7-P10-L8,0.05 ,-6.74%,,
966,S7,P10,L9,S7-P10-L9,0.20 ,-16.43%,,
967,S7,P10,L10,S7-P10-L10,0.27 ,-59.90%,,
968,S7,P10,L11,S7-P10-L11,0.04 ,-14.95%,,
969,S7,P11,L1,S7-P11-L1,0.11 ,4.12%,,
970,S7,P11,L2,S7-P11-L2,0.27 ,52.62%,,
971,S7,P11,L3,S7-P11-L3,0.15 ,65.76%,,
972,S7,P11,L4,S7-P11-L4,1.13 ,-67.76%,,
973,S7,P11,L5,S7-P11-L5,0.09 ,-17.88%,,
974,S7,P11,L6,S7-P11-L6,0.10 ,20.42%,,
975,S7,P11,L7,S7-P11-L7,0.51 ,-12.75%,,
976,S7,P11,L8,S7-P11-L8,0.18 ,-11.17%,,
977,S7,P11,L9,S7-P11-L9,0.23 ,-29.05%,,
978,S7,P11,L10,S7-P11-L10,1.09 ,-70.32%,,
979,S7,P11,L11,S7-P11-L11,0.06 ,-23.95%,,
980,S7,P12,L1,S7-P12-L1,0.15 ,0.15%,,
981,S7,P12,L2,S7-P12-L2,0.32 ,45.57%,,
982,S7,P12,L3,S7-P12-L3,0.20 ,70.09%,,
983,S7,P12,L4,S7-P12-L4,1.34 ,-67.89%,,
984,S7,P12,L5,S7-P12-L5,0.14 ,-9.99%,,
985,S7,P12,L6,S7-P12-L6,0.14 ,27.50%,,
986,S7,P12,L7,S7-P12-L7,0.75 ,-16.01%,,
987,S7,P12,L8,S7-P12-L8,0.18 ,-9.25%,,
988,S7,P12,L9,S7-P12-L9,0.47 ,-29.99%,,
989,S7,P12,L10,S7-P12-L10,1.83 ,-69.27%,,
990,S7,P12,L11,S7-P12-L11,0.09 ,-21.05%,,
991,S7,P13,L1,S7-P13-L1,0.07 ,-0.66%,,
992,S7,P13,L2,S7-P13-L2,0.19 ,44.65%,,
993,S7,P13,L3,S7-P13-L3,0.13 ,58.86%,,
994,S7,P13,L4,S7-P13-L4,0.80 ,-67.76%,,
995,S7,P13,L5,S7-P13-L5,0.07 ,-18.33%,,
996,S7,P13,L6,S7-P13-L6,0.10 ,26.70%,,
997,S7,P13,L7,S7-P13-L7,0.39 ,-11.09%,,
998,S7,P13,L8,S7-P13-L8,0.11 ,-12.11%,,
999,S7,P13,L9,S7-P13-L9,0.22 ,-23.73%,,
1000,S7,P13,L10,S7-P13-L10,1.59 ,-70.46%,,
1001,S7,P13,L11,S7-P13-L11,0.05 ,-28.59%,,
1002,S8,P1,L1,S8-P1-L1,0.53 ,4.33%,,
1003,S8,P1,L2,S8-P1-L2,0.64 ,48.16%,,
1004,S8,P1,L3,S8-P1-L3,0.69 ,77.00%,,
1005,S8,P1,L4,S8-P1-L4,2.63 ,-66.77%,,
1006,S8,P1,L5,S8-P1-L5,0.33 ,-13.45%,,
1007,S8,P1,L6,S8-P1-L6,0.21 ,31.25%,,
1008,S8,P1,L7,S8-P1-L7,1.45 ,-15.88%,,
1009,S8,P1,L8,S8-P1-L8,0.54 ,-13.59%,,
1010,S8,P1,L9,S8-P1-L9,1.12 ,-24.14%,,
1011,S8,P1,L10,S8-P1-L10,0.90 ,-58.28%,,
1012,S8,P1,L11,S8-P1-L11,0.52 ,-6.48%,,
1013,S8,P2,L1,S8-P2-L1,0.53 ,1.89%,,
1014,S8,P2,L2,S8-P2-L2,0.75 ,45.25%,,
1015,S8,P2,L3,S8-P2-L3,0.52 ,74.64%,,
1016,S8,P2,L4,S8-P2-L4,2.32 ,-68.81%,,
1017,S8,P2,L5,S8-P2-L5,0.24 ,-23.45%,,
1018,S8,P2,L6,S8-P2-L6,0.11 ,27.53%,,
1019,S8,P2,L7,S8-P2-L7,0.70 ,-19.98%,,
1020,S8,P2,L8,S8-P2-L8,0.29 ,-8.10%,,
1021,S8,P2,L9,S8-P2-L9,1.25 ,-25.98%,,
1022,S8,P2,L10,S8-P2-L10,0.51 ,-50.11%,,
1023,S8,P2,L11,S8-P2-L11,0.45 ,-3.97%,,
1024,S8,P3,L1,S8-P3-L1,0.45 ,2.98%,,
1025,S8,P3,L2,S8-P3-L2,0.58 ,44.48%,,
1026,S8,P3,L3,S8-P3-L3,0.49 ,76.53%,,
1027,S8,P3,L4,S8-P3-L4,1.82 ,-65.13%,,
1028,S8,P3,L5,S8-P3-L5,0.29 ,-16.82%,,
1029,S8,P3,L6,S8-P3-L6,0.12 ,17.72%,,
1030,S8,P3,L7,S8-P3-L7,0.77 ,-19.86%,,
1031,S8,P3,L8,S8-P3-L8,0.42 ,-11.15%,,
1032,S8,P3,L9,S8-P3-L9,1.20 ,-25.59%,,
1033,S8,P3,L10,S8-P3-L10,0.66 ,-48.49%,,
1034,S8,P3,L11,S8-P3-L11,0.45 ,-5.32%,,
1035,S8,P4,L1,S8-P4-L1,0.51 ,-0.25%,,
1036,S8,P4,L2,S8-P4-L2,0.51 ,40.57%,,
1037,S8,P4,L3,S8-P4-L3,0.46 ,60.11%,,
1038,S8,P4,L4,S8-P4-L4,1.67 ,-60.52%,,
1039,S8,P4,L5,S8-P4-L5,0.34 ,-12.46%,,
1040,S8,P4,L6,S8-P4-L6,0.16 ,20.59%,,
1041,S8,P4,L7,S8-P4-L7,0.71 ,-11.19%,,
1042,S8,P4,L8,S8-P4-L8,0.36 ,-9.59%,,
1043,S8,P4,L9,S8-P4-L9,0.98 ,-22.85%,,
1044,S8,P4,L10,S8-P4-L10,0.81 ,-65.43%,,
1045,S8,P4,L11,S8-P4-L11,0.21 ,-9.13%,,
1046,S8,P5,L1,S8-P5-L1,0.69 ,1.93%,,
1047,S8,P5,L2,S8-P5-L2,0.67 ,41.73%,,
1048,S8,P5,L3,S8-P5-L3,0.47 ,57.15%,,
1049,S8,P5,L4,S8-P5-L4,2.49 ,-64.66%,,
1050,S8,P5,L5,S8-P5-L5,0.32 ,-13.68%,,
1051,S8,P5,L6,S8-P5-L6,0.20 ,18.93%,,
1052,S8,P5,L7,S8-P5-L7,0.63 ,-1.89%,,
1053,S8,P5,L8,S8-P5-L8,0.51 ,-11.91%,,
1054,S8,P5,L9,S8-P5-L9,1.07 ,-24.20%,,
1055,S8,P5,L10,S8-P5-L10,0.74 ,-48.16%,,
1056,S8,P5,L11,S8-P5-L11,0.11 ,-24.78%,,
1057,S8,P6,L1,S8-P6-L1,0.65 ,1.73%,,
1058,S8,P6,L2,S8-P6-L2,0.63 ,40.27%,,
1059,S8,P6,L3,S8-P6-L3,0.47 ,58.44%,,
1060,S8,P6,L4,S8-P6-L4,2.43 ,-61.67%,,
1061,S8,P6,L5,S8-P6-L5,0.32 ,-18.09%,,
1062,S8,P6,L6,S8-P6-L6,0.20 ,19.39%,,
1063,S8,P6,L7,S8-P6-L7,0.53 ,-12.15%,,
1064,S8,P6,L8,S8-P6-L8,0.50 ,-9.71%,,
1065,S8,P6,L9,S8-P6-L9,0.64 ,-20.01%,,
1066,S8,P6,L10,S8-P6-L10,0.62 ,-49.02%,,
1067,S8,P6,L11,S8-P6-L11,0.12 ,-14.89%,,
1068,S8,P7,L1,S8-P7-L1,0.14 ,-4.74%,,
1069,S8,P7,L2,S8-P7-L2,0.41 ,48.88%,,
1070,S8,P7,L3,S8-P7-L3,0.24 ,47.37%,,
1071,S8,P7,L4,S8-P7-L4,0.90 ,-61.37%,,
1072,S8,P7,L5,S8-P7-L5,0.06 ,-25.74%,,
1073,S8,P7,L6,S8-P7-L6,0.16 ,23.46%,,
1074,S8,P7,L7,S8-P7-L7,0.33 ,-3.34%,,
1075,S8,P7,L8,S8-P7-L8,0.13 ,-22.92%,,
1076,S8,P7,L9,S8-P7-L9,0.35 ,-25.00%,,
1077,S8,P7,L10,S8-P7-L10,1.06 ,-69.70%,,
1078,S8,P7,L11,S8-P7-L11,0.06 ,-16.57%,,
1079,S8,P8,L1,S8-P8-L1,0.09 ,1.59%,,
1080,S8,P8,L2,S8-P8-L2,0.38 ,44.01%,,
1081,S8,P8,L3,S8-P8-L3,0.32 ,51.32%,,
1082,S8,P8,L4,S8-P8-L4,1.02 ,-64.90%,,
1083,S8,P8,L5,S8-P8-L5,0.09 ,-19.29%,,
1084,S8,P8,L6,S8-P8-L6,0.18 ,30.93%,,
1085,S8,P8,L7,S8-P8-L7,0.53 ,-2.20%,,
1086,S8,P8,L8,S8-P8-L8,0.14 ,-10.32%,,
1087,S8,P8,L9,S8-P8-L9,0.51 ,-25.54%,,
1088,S8,P8,L10,S8-P8-L10,0.91 ,-67.67%,,
1089,S8,P8,L11,S8-P8-L11,0.08 ,-27.78%,,
1090,S8,P9,L1,S8-P9-L1,0.17 ,-1.47%,,
1091,S8,P9,L2,S8-P9-L2,0.75 ,44.49%,,
1092,S8,P9,L3,S8-P9-L3,0.33 ,55.76%,,
1093,S8,P9,L4,S8-P9-L4,1.84 ,-62.43%,,
1094,S8,P9,L5,S8-P9-L5,0.05 ,-19.79%,,
1095,S8,P9,L6,S8-P9-L6,0.21 ,21.73%,,
1096,S8,P9,L7,S8-P9-L7,0.79 ,0.08%,,
1097,S8,P9,L8,S8-P9-L8,0.13 ,-11.85%,,
1098,S8,P9,L9,S8-P9-L9,0.88 ,-24.49%,,
1099,S8,P9,L10,S8-P9-L10,0.88 ,-61.00%,,
1100,S8,P9,L11,S8-P9-L11,0.08 ,-19.95%,,
1101,S8,P10,L1,S8-P10-L1,0.09 ,11.17%,,
1102,S8,P10,L2,S8-P10-L2,0.23 ,45.42%,,
1103,S8,P10,L3,S8-P10-L3,0.17 ,33.31%,,
1104,S8,P10,L4,S8-P10-L4,0.62 ,-64.84%,,
1105,S8,P10,L5,S8-P10-L5,0.02 ,-25.14%,,
1106,S8,P10,L6,S8-P10-L6,0.13 ,23.73%,,
1107,S8,P10,L7,S8-P10-L7,0.23 ,-14.36%,,
1108,S8,P10,L8,S8-P10-L8,0.09 ,-27.93%,,
1109,S8,P10,L9,S8-P10-L9,0.19 ,-20.18%,,
1110,S8,P10,L10,S8-P10-L10,0.50 ,-66.35%,,
1111,S8,P10,L11,S8-P10-L11,0.05 ,-22.15%,,
1112,S8,P11,L1,S8-P11-L1,0.10 ,5.68%,,
1113,S8,P11,L2,S8-P11-L2,0.16 ,47.36%,,
1114,S8,P11,L3,S8-P11-L3,0.20 ,47.46%,,
1115,S8,P11,L4,S8-P11-L4,0.45 ,-70.87%,,
1116,S8,P11,L5,S8-P11-L5,0.04 ,-32.54%,,
1117,S8,P11,L6,S8-P11-L6,0.11 ,27.90%,,
1118,S8,P11,L7,S8-P11-L7,0.41 ,-14.27%,,
1119,S8,P11,L8,S8-P11-L8,0.11 ,-25.73%,,
1120,S8,P11,L9,S8-P11-L9,0.21 ,-19.09%,,
1121,S8,P11,L10,S8-P11-L10,1.29 ,-72.06%,,
1122,S8,P11,L11,S8-P11-L11,0.06 ,-43.11%,,
1123,S8,P12,L1,S8-P12-L1,0.09 ,-1.90%,,
1124,S8,P12,L2,S8-P12-L2,1.03 ,52.57%,,
1125,S8,P12,L3,S8-P12-L3,0.28 ,63.76%,,
1126,S8,P12,L4,S8-P12-L4,2.00 ,-74.81%,,
1127,S8,P12,L5,S8-P12-L5,0.74 ,-10.95%,,
1128,S8,P12,L6,S8-P12-L6,0.14 ,22.92%,,
1129,S8,P12,L7,S8-P12-L7,1.19 ,-21.79%,,
1130,S8,P12,L8,S8-P12-L8,0.19 ,-14.10%,,
1131,S8,P12,L9,S8-P12-L9,0.97 ,-23.64%,,
1132,S8,P12,L10,S8-P12-L10,0.28 ,-59.73%,,
1133,S8,P12,L11,S8-P12-L11,0.05 ,-16.75%,,
1134,S8,P13,L1,S8-P13-L1,0.11 ,-4.94%,,
1135,S8,P13,L2,S8-P13-L2,1.16 ,55.38%,,
1136,S8,P13,L3,S8-P13-L3,0.30 ,52.97%,,
1137,S8,P13,L4,S8-P13-L4,0.90 ,-70.01%,,
1138,S8,P13,L5,S8-P13-L5,0.14 ,-11.89%,,
1139,S8,P13,L6,S8-P13-L6,0.14 ,24.96%,,
1140,S8,P13,L7,S8-P13-L7,0.37 ,-20.72%,,
1141,S8,P13,L8,S8-P13-L8,0.06 ,-13.36%,,
1142,S8,P13,L9,S8-P13-L9,0.49 ,-17.98%,,
1143,S8,P13,L10,S8-P13-L10,0.14 ,-53.75%,,
1144,S8,P13,L11,S8-P13-L11,0.06 ,-12.10%,,
1145,S9,P1,L1,S9-P1-L1,0.70 ,2.40%,,
1146,S9,P1,L2,S9-P1-L2,1.22 ,44.87%,,
1147,S9,P1,L3,S9-P1-L3,0.63 ,64.48%,,
1148,S9,P1,L4,S9-P1-L4,1.94 ,-42.49%,,
1149,S9,P1,L5,S9-P1-L5,0.52 ,-25.82%,,
1150,S9,P1,L6,S9-P1-L6,0.11 ,-8.37%,,
1151,S9,P1,L7,S9-P1-L7,0.86 ,-15.96%,,
1152,S9,P1,L8,S9-P1-L8,0.40 ,-9.49%,,
1153,S9,P1,L9,S9-P1-L9,1.08 ,-18.99%,,
1154,S9,P1,L10,S9-P1-L10,0.17 ,-27.11%,,
1155,S9,P1,L11,S9-P1-L11,0.13 ,-17.49%,,
1156,S9,P2,L1,S9-P2-L1,0.38 ,16.69%,,
1157,S9,P2,L2,S9-P2-L2,1.37 ,39.46%,,
1158,S9,P2,L3,S9-P2-L3,0.55 ,53.03%,,
1159,S9,P2,L4,S9-P2-L4,2.32 ,-38.46%,,
1160,S9,P2,L5,S9-P2-L5,0.32 ,-28.13%,,
1161,S9,P2,L6,S9-P2-L6,0.06 ,-19.72%,,
1162,S9,P2,L7,S9-P2-L7,0.86 ,-16.32%,,
1163,S9,P2,L8,S9-P2-L8,0.25 ,-15.03%,,
1164,S9,P2,L9,S9-P2-L9,1.12 ,-18.16%,,
1165,S9,P2,L10,S9-P2-L10,0.07 ,-24.48%,,
1166,S9,P2,L11,S9-P2-L11,0.07 ,-20.17%,,
1167,S9,P3,L1,S9-P3-L1,0.75 ,9.66%,,
1168,S9,P3,L2,S9-P3-L2,1.16 ,32.19%,,
1169,S9,P3,L3,S9-P3-L3,0.68 ,47.50%,,
1170,S9,P3,L4,S9-P3-L4,1.73 ,-36.03%,,
1171,S9,P3,L5,S9-P3-L5,0.39 ,-20.04%,,
1172,S9,P3,L6,S9-P3-L6,0.11 ,-4.91%,,
1173,S9,P3,L7,S9-P3-L7,1.34 ,-16.55%,,
1174,S9,P3,L8,S9-P3-L8,0.28 ,-13.60%,,
1175,S9,P3,L9,S9-P3-L9,0.94 ,-17.74%,,
1176,S9,P3,L10,S9-P3-L10,0.12 ,-23.61%,,
1177,S9,P3,L11,S9-P3-L11,0.07 ,-16.34%,,
1178,S9,P4,L1,S9-P4-L1,0.53 ,11.24%,,
1179,S9,P4,L2,S9-P4-L2,1.01 ,33.27%,,
1180,S9,P4,L3,S9-P4-L3,0.66 ,47.19%,,
1181,S9,P4,L4,S9-P4-L4,1.29 ,-18.98%,,
1182,S9,P4,L5,S9-P4-L5,0.39 ,-2.30%,,
1183,S9,P4,L6,S9-P4-L6,0.11 ,14.88%,,
1184,S9,P4,L7,S9-P4-L7,1.23 ,-12.09%,,
1185,S9,P4,L8,S9-P4-L8,0.30 ,-7.93%,,
1186,S9,P4,L9,S9-P4-L9,0.64 ,-13.97%,,
1187,S9,P4,L10,S9-P4-L10,0.38 ,-31.75%,,
1188,S9,P4,L11,S9-P4-L11,0.08 ,-12.16%,,
1189,S9,P5,L1,S9-P5-L1,0.39 ,8.76%,,
1190,S9,P5,L2,S9-P5-L2,1.27 ,37.88%,,
1191,S9,P5,L3,S9-P5-L3,0.59 ,46.41%,,
1192,S9,P5,L4,S9-P5-L4,2.04 ,-44.83%,,
1193,S9,P5,L5,S9-P5-L5,0.38 ,-18.91%,,
1194,S9,P5,L6,S9-P5-L6,0.08 ,-1.99%,,
1195,S9,P5,L7,S9-P5-L7,0.58 ,-16.82%,,
1196,S9,P5,L8,S9-P5-L8,0.38 ,-9.17%,,
1197,S9,P5,L9,S9-P5-L9,0.75 ,-21.63%,,
1198,S9,P5,L10,S9-P5-L10,0.14 ,-30.46%,,
1199,S9,P5,L11,S9-P5-L11,0.04 ,-15.63%,,
1200,S9,P6,L1,S9-P6-L1,0.60 ,3.67%,,
1201,S9,P6,L2,S9-P6-L2,1.30 ,37.08%,,
1202,S9,P6,L3,S9-P6-L3,0.42 ,45.77%,,
1203,S9,P6,L4,S9-P6-L4,1.72 ,-45.04%,,
1204,S9,P6,L5,S9-P6-L5,0.36 ,-13.68%,,
1205,S9,P6,L6,S9-P6-L6,0.08 ,-5.60%,,
1206,S9,P6,L7,S9-P6-L7,0.48 ,-19.58%,,
1207,S9,P6,L8,S9-P6-L8,0.33 ,-11.13%,,
1208,S9,P6,L9,S9-P6-L9,0.80 ,-21.96%,,
1209,S9,P6,L10,S9-P6-L10,0.32 ,-42.88%,,
1210,S9,P6,L11,S9-P6-L11,0.04 ,-25.53%,,
1211,S9,P7,L1,S9-P7-L1,0.11 ,8.90%,,
1212,S9,P7,L2,S9-P7-L2,0.33 ,39.46%,,
1213,S9,P7,L3,S9-P7-L3,0.14 ,33.62%,,
1214,S9,P7,L4,S9-P7-L4,0.61 ,-53.37%,,
1215,S9,P7,L5,S9-P7-L5,0.16 ,-19.68%,,
1216,S9,P7,L6,S9-P7-L6,0.07 ,0.48%,,
1217,S9,P7,L7,S9-P7-L7,0.42 ,-20.05%,,
1218,S9,P7,L8,S9-P7-L8,0.07 ,-12.09%,,
1219,S9,P7,L9,S9-P7-L9,0.24 ,-23.26%,,
1220,S9,P7,L10,S9-P7-L10,0.50 ,-56.39%,,
1221,S9,P7,L11,S9-P7-L11,0.04 ,-35.51%,,
1222,S9,P8,L1,S9-P8-L1,0.08 ,-4.01%,,
1223,S9,P8,L2,S9-P8-L2,0.66 ,39.45%,,
1224,S9,P8,L3,S9-P8-L3,0.21 ,46.89%,,
1225,S9,P8,L4,S9-P8-L4,0.43 ,-47.81%,,
1226,S9,P8,L5,S9-P8-L5,0.19 ,-20.97%,,
1227,S9,P8,L6,S9-P8-L6,0.03 ,-5.58%,,
1228,S9,P8,L7,S9-P8-L7,0.20 ,-18.10%,,
1229,S9,P8,L8,S9-P8-L8,0.07 ,-19.14%,,
1230,S9,P8,L9,S9-P8-L9,0.37 ,-27.10%,,
1231,S9,P8,L10,S9-P8-L10,0.64 ,-57.63%,,
1232,S9,P8,L11,S9-P8-L11,0.05 ,-34.51%,,
1233,S9,P9,L1,S9-P9-L1,0.31 ,0.23%,,
1234,S9,P9,L2,S9-P9-L2,0.30 ,27.40%,,
1235,S9,P9,L3,S9-P9-L3,0.40 ,48.91%,,
1236,S9,P9,L4,S9-P9-L4,1.73 ,-46.31%,,
1237,S9,P9,L5,S9-P9-L5,0.22 ,-20.64%,,
1238,S9,P9,L6,S9-P9-L6,0.11 ,-7.75%,,
1239,S9,P9,L7,S9-P9-L7,0.80 ,-21.55%,,
1240,S9,P9,L8,S9-P9-L8,0.19 ,-19.57%,,
1241,S9,P9,L9,S9-P9-L9,0.94 ,-26.18%,,
1242,S9,P9,L10,S9-P9-L10,0.39 ,-36.02%,,
1243,S9,P9,L11,S9-P9-L11,0.07 ,-22.33%,,
1244,S9,P10,L1,S9-P10-L1,0.07 ,7.17%,,
1245,S9,P10,L2,S9-P10-L2,0.35 ,38.13%,,
1246,S9,P10,L3,S9-P10-L3,0.07 ,29.32%,,
1247,S9,P10,L4,S9-P10-L4,0.29 ,-40.58%,,
1248,S9,P10,L5,S9-P10-L5,0.02 ,-19.75%,,
1249,S9,P10,L6,S9-P10-L6,0.09 ,12.30%,,
1250,S9,P10,L7,S9-P10-L7,0.25 ,-11.38%,,
1251,S9,P10,L8,S9-P10-L8,0.09 ,-4.74%,,
1252,S9,P10,L9,S9-P10-L9,0.29 ,-17.69%,,
1253,S9,P10,L10,S9-P10-L10,0.18 ,-41.81%,,
1254,S9,P10,L11,S9-P10-L11,0.04 ,-14.12%,,
1255,S9,P11,L1,S9-P11-L1,0.13 ,1.88%,,
1256,S9,P11,L2,S9-P11-L2,0.58 ,44.02%,,
1257,S9,P11,L3,S9-P11-L3,0.24 ,50.23%,,
1258,S9,P11,L4,S9-P11-L4,0.96 ,-49.99%,,
1259,S9,P11,L5,S9-P11-L5,0.25 ,-20.04%,,
1260,S9,P11,L6,S9-P11-L6,0.13 ,6.38%,,
1261,S9,P11,L7,S9-P11-L7,0.43 ,-16.41%,,
1262,S9,P11,L8,S9-P11-L8,0.14 ,-16.18%,,
1263,S9,P11,L9,S9-P11-L9,0.50 ,-21.84%,,
1264,S9,P11,L10,S9-P11-L10,0.56 ,-50.96%,,
1265,S9,P11,L11,S9-P11-L11,0.06 ,-30.18%,,
1266,S9,P12,L1,S9-P12-L1,0.12 ,4.23%,,
1267,S9,P12,L2,S9-P12-L2,0.44 ,41.71%,,
1268,S9,P12,L3,S9-P12-L3,0.40 ,52.52%,,
1269,S9,P12,L4,S9-P12-L4,1.26 ,-48.05%,,
1270,S9,P12,L5,S9-P12-L5,0.13 ,-22.40%,,
1271,S9,P12,L6,S9-P12-L6,0.15 ,5.02%,,
1272,S9,P12,L7,S9-P12-L7,0.73 ,-20.33%,,
1273,S9,P12,L8,S9-P12-L8,0.15 ,-18.98%,,
1274,S9,P12,L9,S9-P12-L9,0.57 ,-26.27%,,
1275,S9,P12,L10,S9-P12-L10,1.03 ,-62.27%,,
1276,S9,P12,L11,S9-P12-L11,0.04 ,-41.70%,,
1277,S9,P13,L1,S9-P13-L1,0.04 ,-2.61%,,
1278,S9,P13,L2,S9-P13-L2,0.30 ,35.80%,,
1279,S9,P13,L3,S9-P13-L3,0.22 ,38.78%,,
1280,S9,P13,L4,S9-P13-L4,0.68 ,-55.51%,,
1281,S9,P13,L5,S9-P13-L5,0.09 ,-29.70%,,
1282,S9,P13,L6,S9-P13-L6,0.12 ,4.54%,,
1283,S9,P13,L7,S9-P13-L7,0.21 ,-17.19%,,
1284,S9,P13,L8,S9-P13-L8,0.04 ,-15.73%,,
1285,S9,P13,L9,S9-P13-L9,0.24 ,-21.36%,,
1286,S9,P13,L10,S9-P13-L10,0.64 ,-58.03%,,
1287,S9,P13,L11,S9-P13-L11,0.03 ,-25.62%,,
1288,S10,P1,L1,S10-P1-L1,0.95 ,0.40%,,
1289,S10,P1,L2,S10-P1-L2,2.06 ,46.89%,,
1290,S10,P1,L3,S10-P1-L3,1.57 ,70.77%,,
1291,S10,P1,L4,S10-P1-L4,5.66 ,-71.06%,,
1292,S10,P1,L5,S10-P1-L5,1.54 ,-2.37%,,
1293,S10,P1,L6,S10-P1-L6,0.32 ,44.67%,,
1294,S10,P1,L7,S10-P1-L7,2.49 ,-15.46%,,
1295,S10,P1,L8,S10-P1-L8,1.05 ,-8.27%,,
1296,S10,P1,L9,S10-P1-L9,2.46 ,-22.26%,,
1297,S10,P1,L10,S10-P1-L10,0.58 ,-41.60%,,
1298,S10,P1,L11,S10-P1-L11,0.17 ,-3.10%,,
1299,S10,P2,L1,S10-P2-L1,0.74 ,2.58%,,
1300,S10,P2,L2,S10-P2-L2,1.33 ,45.60%,,
1301,S10,P2,L3,S10-P2-L3,0.58 ,59.66%,,
1302,S10,P2,L4,S10-P2-L4,4.28 ,-52.92%,,
1303,S10,P2,L5,S10-P2-L5,1.17 ,-24.82%,,
1304,S10,P2,L6,S10-P2-L6,0.17 ,-8.25%,,
1305,S10,P2,L7,S10-P2-L7,1.85 ,-19.14%,,
1306,S10,P2,L8,S10-P2-L8,0.82 ,-18.79%,,
1307,S10,P2,L9,S10-P2-L9,2.70 ,-22.82%,,
1308,S10,P2,L10,S10-P2-L10,0.46 ,-27.48%,,
1309,S10,P2,L11,S10-P2-L11,0.46 ,-14.14%,,
1310,S10,P3,L1,S10-P3-L1,0.19 ,0.61%,,
1311,S10,P3,L2,S10-P3-L2,1.03 ,32.82%,,
1312,S10,P3,L3,S10-P3-L3,0.30 ,32.01%,,
1313,S10,P3,L4,S10-P3-L4,3.74 ,-56.70%,,
1314,S10,P3,L5,S10-P3-L5,1.23 ,-23.14%,,
1315,S10,P3,L6,S10-P3-L6,0.22 ,-7.18%,,
1316,S10,P3,L7,S10-P3-L7,1.66 ,-24.53%,,
1317,S10,P3,L8,S10-P3-L8,0.76 ,-15.21%,,
1318,S10,P3,L9,S10-P3-L9,1.98 ,-22.31%,,
1319,S10,P3,L10,S10-P3-L10,0.32 ,-30.50%,,
1320,S10,P3,L11,S10-P3-L11,0.34 ,-10.46%,,
1321,S10,P4,L1,S10-P4-L1,0.17 ,2.98%,,
1322,S10,P4,L2,S10-P4-L2,1.51 ,38.00%,,
1323,S10,P4,L3,S10-P4-L3,0.18 ,33.12%,,
1324,S10,P4,L4,S10-P4-L4,1.58 ,-52.84%,,
1325,S10,P4,L5,S10-P4-L5,0.65 ,-16.84%,,
1326,S10,P4,L6,S10-P4-L6,0.23 ,3.36%,,
1327,S10,P4,L7,S10-P4-L7,1.18 ,-22.49%,,
1328,S10,P4,L8,S10-P4-L8,0.49 ,-13.63%,,
1329,S10,P4,L9,S10-P4-L9,1.35 ,-22.06%,,
1330,S10,P4,L10,S10-P4-L10,0.44 ,-38.96%,,
1331,S10,P4,L11,S10-P4-L11,0.43 ,-12.04%,,
1332,S10,P5,L1,S10-P5-L1,0.25 ,8.00%,,
1333,S10,P5,L2,S10-P5-L2,1.14 ,41.26%,,
1334,S10,P5,L3,S10-P5-L3,0.30 ,48.77%,,
1335,S10,P5,L4,S10-P5-L4,2.94 ,-59.83%,,
1336,S10,P5,L5,S10-P5-L5,0.76 ,-21.46%,,
1337,S10,P5,L6,S10-P5-L6,0.16 ,-4.70%,,
1338,S10,P5,L7,S10-P5-L7,2.30 ,-25.34%,,
1339,S10,P5,L8,S10-P5-L8,0.83 ,-16.43%,,
1340,S10,P5,L9,S10-P5-L9,3.24 ,-24.01%,,
1341,S10,P5,L10,S10-P5-L10,0.26 ,-28.48%,,
1342,S10,P5,L11,S10-P5-L11,0.50 ,-9.11%,,
1343,S10,P6,L1,S10-P6-L1,0.67 ,0.19%,,
1344,S10,P6,L2,S10-P6-L2,2.31 ,37.65%,,
1345,S10,P6,L3,S10-P6-L3,0.57 ,48.82%,,
1346,S10,P6,L4,S10-P6-L4,3.33 ,-60.47%,,
1347,S10,P6,L5,S10-P6-L5,1.04 ,-25.51%,,
1348,S10,P6,L6,S10-P6-L6,0.21 ,-7.01%,,
1349,S10,P6,L7,S10-P6-L7,2.20 ,-25.19%,,
1350,S10,P6,L8,S10-P6-L8,0.57 ,-17.07%,,
1351,S10,P6,L9,S10-P6-L9,2.44 ,-24.33%,,
1352,S10,P6,L10,S10-P6-L10,0.25 ,-29.78%,,
1353,S10,P6,L11,S10-P6-L11,0.49 ,-12.08%,,
1354,S10,P7,L1,S10-P7-L1,0.07 ,11.08%,,
1355,S10,P7,L2,S10-P7-L2,0.50 ,45.77%,,
1356,S10,P7,L3,S10-P7-L3,0.18 ,32.85%,,
1357,S10,P7,L4,S10-P7-L4,0.66 ,-55.76%,,
1358,S10,P7,L5,S10-P7-L5,0.24 ,-13.04%,,
1359,S10,P7,L6,S10-P7-L6,0.10 ,1.38%,,
1360,S10,P7,L7,S10-P7-L7,0.34 ,-16.85%,,
1361,S10,P7,L8,S10-P7-L8,0.07 ,-11.01%,,
1362,S10,P7,L9,S10-P7-L9,0.44 ,-20.37%,,
1363,S10,P7,L10,S10-P7-L10,0.16 ,-33.18%,,
1364,S10,P7,L11,S10-P7-L11,0.10 ,-12.63%,,
1365,S10,P8,L1,S10-P8-L1,0.11 ,-0.74%,,
1366,S10,P8,L2,S10-P8-L2,0.72 ,46.98%,,
1367,S10,P8,L3,S10-P8-L3,0.32 ,46.47%,,
1368,S10,P8,L4,S10-P8-L4,1.80 ,-60.32%,,
1369,S10,P8,L5,S10-P8-L5,0.42 ,-17.48%,,
1370,S10,P8,L6,S10-P8-L6,0.14 ,-1.90%,,
1371,S10,P8,L7,S10-P8-L7,0.55 ,-20.54%,,
1372,S10,P8,L8,S10-P8-L8,0.06 ,-15.64%,,
1373,S10,P8,L9,S10-P8-L9,0.33 ,-16.42%,,
1374,S10,P8,L10,S10-P8-L10,0.15 ,-31.74%,,
1375,S10,P8,L11,S10-P8-L11,0.10 ,-14.09%,,
1376,S10,P9,L1,S10-P9-L1,0.21 ,2.23%,,
1377,S10,P9,L2,S10-P9-L2,1.14 ,42.00%,,
1378,S10,P9,L3,S10-P9-L3,0.32 ,47.60%,,
1379,S10,P9,L4,S10-P9-L4,2.76 ,-62.61%,,
1380,S10,P9,L5,S10-P9-L5,0.77 ,-20.98%,,
1381,S10,P9,L6,S10-P9-L6,0.22 ,-1.02%,,
1382,S10,P9,L7,S10-P9-L7,1.20 ,-25.41%,,
1383,S10,P9,L8,S10-P9-L8,0.14 ,-19.12%,,
1384,S10,P9,L9,S10-P9-L9,1.00 ,-24.87%,,
1385,S10,P9,L10,S10-P9-L10,0.16 ,-28.19%,,
1386,S10,P9,L11,S10-P9-L11,0.11 ,-9.62%,,
1387,S10,P10,L1,S10-P10-L1,0.12 ,3.20%,,
1388,S10,P10,L2,S10-P10-L2,0.60 ,44.31%,,
1389,S10,P10,L3,S10-P10-L3,0.11 ,42.72%,,
1390,S10,P10,L4,S10-P10-L4,0.79 ,-55.96%,,
1391,S10,P10,L5,S10-P10-L5,0.16 ,-22.16%,,
1392,S10,P10,L6,S10-P10-L6,0.10 ,5.24%,,
1393,S10,P10,L7,S10-P10-L7,0.53 ,-18.68%,,
1394,S10,P10,L8,S10-P10-L8,0.15 ,-9.19%,,
1395,S10,P10,L9,S10-P10-L9,0.52 ,-13.44%,,
1396,S10,P10,L10,S10-P10-L10,0.20 ,-32.73%,,
1397,S10,P10,L11,S10-P10-L11,0.07 ,-11.15%,,
1398,S10,P11,L1,S10-P11-L1,0.10 ,7.95%,,
1399,S10,P11,L2,S10-P11-L2,0.50 ,46.98%,,
1400,S10,P11,L3,S10-P11-L3,0.17 ,51.11%,,
1401,S10,P11,L4,S10-P11-L4,0.97 ,-56.08%,,
1402,S10,P11,L5,S10-P11-L5,0.14 ,-19.75%,,
1403,S10,P11,L6,S10-P11-L6,0.16 ,9.31%,,
1404,S10,P11,L7,S10-P11-L7,0.70 ,-16.08%,,
1405,S10,P11,L8,S10-P11-L8,0.12 ,-11.34%,,
1406,S10,P11,L9,S10-P11-L9,0.47 ,-16.91%,,
1407,S10,P11,L10,S10-P11-L10,0.44 ,-51.08%,,
1408,S10,P11,L11,S10-P11-L11,0.03 ,-27.64%,,
1409,S10,P12,L1,S10-P12-L1,0.36 ,1.13%,,
1410,S10,P12,L2,S10-P12-L2,1.04 ,43.55%,,
1411,S10,P12,L3,S10-P12-L3,0.31 ,50.75%,,
1412,S10,P12,L4,S10-P12-L4,2.48 ,-56.09%,,
1413,S10,P12,L5,S10-P12-L5,0.76 ,-20.04%,,
1414,S10,P12,L6,S10-P12-L6,0.17 ,3.41%,,
1415,S10,P12,L7,S10-P12-L7,1.32 ,-21.16%,,
1416,S10,P12,L8,S10-P12-L8,0.32 ,-12.60%,,
1417,S10,P12,L9,S10-P12-L9,0.79 ,-21.92%,,
1418,S10,P12,L10,S10-P12-L10,0.38 ,-45.72%,,
1419,S10,P12,L11,S10-P12-L11,0.09 ,-17.34%,,
1420,S10,P13,L1,S10-P13-L1,0.14 ,3.19%,,
1421,S10,P13,L2,S10-P13-L2,0.57 ,42.48%,,
1422,S10,P13,L3,S10-P13-L3,0.30 ,44.23%,,
1423,S10,P13,L4,S10-P13-L4,1.19 ,-54.06%,,
1424,S10,P13,L5,S10-P13-L5,0.27 ,-18.29%,,
1425,S10,P13,L6,S10-P13-L6,0.33 ,16.82%,,
1426,S10,P13,L7,S10-P13-L7,0.62 ,-15.68%,,
1427,S10,P13,L8,S10-P13-L8,0.14 ,-8.46%,,
1428,S10,P13,L9,S10-P13-L9,0.29 ,-15.59%,,
1429,S10,P13,L10,S10-P13-L10,0.31 ,-41.06%,,
1430,S10,P13,L11,S10-P13-L11,0.07 ,-15.90%,,
